major_protein_id,Gene names,Intensity NOT_BCellmemory,Intensity NOT_BCellnaive,Intensity NOT_BCellplasma,Intensity NOT_CD4TCellTcm,Intensity NOT_CD4TCellTem,Intensity NOT_CD4TCellTemra,Intensity NOT_CD4TCellTh1,Intensity NOT_CD4TCellTh17,Intensity NOT_CD4TCellTh2,Intensity NOT_CD4TCellmTregs,Intensity NOT_CD4TCellnTregs,Intensity NOT_CD4TCellnaive,Intensity NOT_CD8TCellTcm,Intensity NOT_CD8TCellTem,Intensity NOT_CD8TCellTemra,Intensity NOT_CD8TCellnaive,Intensity NOT_DendriticCD1c,Intensity NOT_DendriticCD304,Intensity NOT_Monocytesclassical,Intensity NOT_Monocytesintermediate,Intensity NOT_Monocytesnonclassical,Intensity NOT_NKCellsCD56bright,Intensity NOT_NKCellsCD56dim
P17213,BPI,0.0,0.0,0.0,0.0,0.0,1.3583412016777292,0.0,0.0,0.0,0.0,0.0,0.0,0.0,0.0,1.5898040958377344,0.0,0.0,0.0,0.0,1.7100225975829366,0.0,1.4335163403601692,0.0
P52943,CRIP2,0.0,0.0,0.0,0.0,1.9309523723098425,0.0,0.0,1.9749350681682336,0.0,1.4720747692988962,0.0,0.0,1.853258133404952,0.0,0.0,0.0,0.0,0.0,0.0,0.0,0.0,0.0,0.0
P57075,UBASH3A,0.0,0.0,0.0,1.6880730245419477,1.8459446161145696,0.0,0.0,1.5816254041656195,0.0,0.0,0.0,0.0,1.8652653367211773,0.0,0.0,0.0,0.0,0.0,0.0,0.0,0.0,0.0,0.0
P05164,MPO,0.0,0.0,0.0,0.0,0.0,0.0,0.0,0.0,0.0,0.0,0.0,0.0,0.0,0.0,0.0,0.0,0.0,0.0,2.5961609463291038,2.8278928245186292,2.2973765487976205,0.0,0.0
Q99633,PRPF18;LOC101928524,0.0,0.0,0.0,0.0,0.0,0.0,0.0,1.6683797799735052,0.0,0.0,0.0,0.0,0.0,0.0,0.0,0.0,0.0,1.9711009452181865,0.0,0.0,0.0,1.4279375014902644,0.0
Q99576,TSC22D3,0.0,2.34966023458912,0.0,0.0,0.0,0.0,0.0,0.0,2.6253056606860765,0.0,0.0,0.0,0.0,0.0,0.0,0.0,0.0,0.0,2.186132170954474,0.0,0.0,0.0,0.0
P11277-2,SPTB,0.0,0.0,0.0,0.0,0.0,0.0,0.0,0.0,0.0,0.0,1.8723435133313178,0.0,0.0,0.0,0.0,0.0,1.9263504383818586,0.0,0.0,0.0,0.0,1.4652783783077394,0.0
P49863,GZMK,0.0,0.0,0.0,0.0,0.0,0.0,0.0,0.0,0.0,0.0,0.0,0.0,2.235051155777595,2.467663875555673,0.0,0.0,0.0,0.0,0.0,0.0,0.0,2.7016280654992637,0.0
P02545,LMNA,0.0,0.0,0.0,0.0,2.0476050839159523,0.0,0.0,2.0679046361091347,0.0,2.5006541805910736,0.0,0.0,0.0,0.0,0.0,0.0,0.0,0.0,0.0,0.0,0.0,0.0,0.0
P01730,CD4,0.0,0.0,0.0,0.0,1.8090881146203144,0.0,0.0,1.9153980524705985,0.0,1.9552190280558355,0.0,0.0,0.0,0.0,0.0,0.0,0.0,0.0,0.0,0.0,0.0,0.0,0.0
P12429,ANXA3,0.0,0.0,0.0,2.936041186839542,2.0910527765397693,0.0,0.0,0.0,0.0,0.0,0.0,0.0,0.0,0.0,0.0,2.1854159655327803,0.0,0.0,0.0,0.0,0.0,0.0,0.0
Q9C0K0,BCL11B,0.0,0.0,0.0,1.4829890332696654,0.0,0.0,0.0,0.0,0.0,0.0,0.0,1.923142108522879,1.3505185519863527,0.0,0.0,0.0,0.0,0.0,0.0,0.0,0.0,0.0,0.0
P52848,NDST1,0.0,0.0,0.0,2.7105027124408863,2.098949566788124,0.0,0.0,0.0,0.0,0.0,0.0,2.5298896950852696,0.0,0.0,0.0,0.0,0.0,0.0,0.0,0.0,0.0,0.0,0.0
Q8IZ07,ANKRD13A,0.0,0.0,0.0,1.5920024549894949,1.410864128389926,0.0,0.0,0.0,1.468916753061105,0.0,0.0,0.0,0.0,0.0,0.0,0.0,0.0,0.0,0.0,0.0,0.0,0.0,0.0
Q9UPY6,WASF3,0.0,0.0,0.0,0.0,0.0,0.0,0.0,0.0,0.0,0.0,0.0,0.0,0.0,0.0,0.0,0.0,0.0,0.0,0.0,0.0,0.0,0.0,0.0
P60673,PFN3,0.0,0.0,0.0,0.0,0.0,0.0,0.0,0.0,0.0,0.0,0.0,0.0,0.0,0.0,0.0,0.0,0.0,0.0,0.0,0.0,0.0,0.0,0.0
O94907,DKK1,0.0,0.0,0.0,0.0,0.0,0.0,0.0,0.0,0.0,0.0,0.0,0.0,0.0,0.0,0.0,0.0,0.0,0.0,0.0,0.0,0.0,0.0,0.0
P40238,MPL,0.0,0.0,0.0,0.0,0.0,0.0,0.0,0.0,0.0,0.0,0.0,0.0,0.0,0.0,0.0,0.0,0.0,0.0,0.0,0.0,0.0,0.0,0.0
Q9Y5X1,SNX9,0.0,0.0,0.0,0.0,0.0,0.0,0.0,0.0,0.0,0.0,0.0,0.0,0.0,0.0,0.0,0.0,0.0,4.500696450412689,0.0,0.0,0.0,0.0,0.0
Q9Y5P6,GMPPB,0.0,0.0,0.0,0.0,0.0,0.0,0.0,0.0,0.0,0.0,0.0,0.0,0.0,0.0,0.0,0.0,0.0,4.529305546017948,0.0,0.0,0.0,0.0,0.0
Q9Y5K6,CD2AP,0.0,0.0,0.0,0.0,0.0,0.0,0.0,0.0,0.0,0.0,0.0,0.0,0.0,0.0,0.0,0.0,0.0,4.53731153803241,0.0,0.0,0.0,0.0,0.0
Q9Y4L1,HYOU1,0.0,0.0,0.0,0.0,0.0,0.0,0.0,0.0,0.0,0.0,0.0,0.0,0.0,0.0,0.0,0.0,0.0,4.556852618633881,0.0,0.0,0.0,0.0,0.0
Q9Y4G6,TLN2,0.0,0.0,0.0,0.0,0.0,0.0,0.0,0.0,0.0,0.0,0.0,0.0,0.0,0.0,0.0,0.0,0.0,2.4541293726012,0.0,0.0,0.0,0.0,0.0
Q9UJY4,GGA2,0.0,0.0,0.0,0.0,0.0,0.0,0.0,0.0,0.0,0.0,0.0,0.0,0.0,0.0,0.0,0.0,0.0,4.248202855844859,0.0,0.0,0.0,0.0,0.0
Q9H8Y8,GORASP2,0.0,0.0,0.0,0.0,0.0,0.0,0.0,0.0,0.0,0.0,0.0,0.0,0.0,0.0,0.0,0.0,0.0,4.1866960284382,0.0,0.0,0.0,0.0,0.0
Q9H553,ALG2,0.0,0.0,0.0,0.0,0.0,0.0,0.0,0.0,0.0,0.0,0.0,0.0,0.0,0.0,0.0,0.0,0.0,4.549066524227071,0.0,0.0,0.0,0.0,0.0
Q9BY11,PACSIN1,0.0,0.0,0.0,0.0,0.0,0.0,0.0,0.0,0.0,0.0,0.0,0.0,0.0,0.0,0.0,0.0,0.0,4.6391372796638795,0.0,0.0,0.0,0.0,0.0
Q9BQA1,WDR77,0.0,0.0,0.0,0.0,0.0,0.0,0.0,0.0,0.0,0.0,0.0,0.0,0.0,0.0,0.0,0.0,0.0,4.604346129748915,0.0,0.0,0.0,0.0,0.0
Q99805,TM9SF2,0.0,0.0,0.0,0.0,0.0,0.0,0.0,0.0,0.0,0.0,0.0,0.0,0.0,0.0,0.0,0.0,0.0,4.247253836922999,0.0,0.0,0.0,0.0,0.0
Q96IJ6,GMPPA,0.0,0.0,0.0,0.0,0.0,0.0,0.0,0.0,0.0,0.0,0.0,0.0,0.0,0.0,0.0,0.0,0.0,4.460980004414966,0.0,0.0,0.0,0.0,0.0
Q96GD0,PDXP,0.0,0.0,0.0,0.0,0.0,0.0,0.0,0.0,0.0,0.0,0.0,0.0,0.0,0.0,0.0,0.0,0.0,4.557783247508994,0.0,0.0,0.0,0.0,0.0
Q96C90,PPP1R14B,0.0,0.0,0.0,0.0,0.0,0.0,0.0,0.0,0.0,0.0,0.0,0.0,0.0,0.0,0.0,0.0,0.0,4.682667838112775,0.0,0.0,0.0,0.0,0.0
Q8WU39,MZB1,0.0,0.0,0.0,0.0,0.0,0.0,0.0,0.0,0.0,0.0,0.0,0.0,0.0,0.0,0.0,0.0,0.0,4.6593689834135965,0.0,0.0,0.0,0.0,0.0
Q8NHG8,ZNRF2,0.0,0.0,0.0,0.0,0.0,0.0,0.0,0.0,0.0,0.0,0.0,0.0,0.0,0.0,0.0,0.0,0.0,4.641503827151085,0.0,0.0,0.0,0.0,0.0
Q8NBS9,TXNDC5,0.0,0.0,0.0,0.0,0.0,0.0,0.0,0.0,0.0,0.0,0.0,0.0,0.0,0.0,0.0,0.0,0.0,4.524688481085465,0.0,0.0,0.0,0.0,0.0
Q8IVM0,CCDC50,0.0,0.0,0.0,0.0,0.0,0.0,0.0,0.0,0.0,0.0,0.0,0.0,0.0,0.0,0.0,0.0,0.0,4.67499380838097,0.0,0.0,0.0,0.0,0.0
Q86Y38,XYLT1,0.0,0.0,0.0,0.0,0.0,0.0,0.0,0.0,0.0,0.0,0.0,0.0,0.0,0.0,0.0,0.0,0.0,3.713410902506227,0.0,0.0,0.0,0.0,0.0
Q6ZNK6,TIFAB,0.0,0.0,0.0,0.0,0.0,0.0,0.0,0.0,0.0,0.0,0.0,0.0,0.0,0.0,0.0,0.0,0.0,4.425170547150816,0.0,0.0,0.0,0.0,0.0
Q6UX06,OLFM4,0.0,0.0,0.0,0.0,0.0,0.0,0.0,0.0,0.0,0.0,0.0,0.0,0.0,0.0,0.0,0.0,0.0,3.700666529842398,0.0,0.0,0.0,0.0,0.0
Q2M385,MPEG1,0.0,0.0,0.0,0.0,0.0,0.0,0.0,0.0,0.0,0.0,0.0,0.0,0.0,0.0,0.0,0.0,0.0,4.659323772346052,0.0,0.0,0.0,0.0,0.0
Q02556,IRF8,0.0,0.0,0.0,0.0,0.0,0.0,0.0,0.0,0.0,0.0,0.0,0.0,0.0,0.0,0.0,0.0,0.0,4.6645527195647025,0.0,0.0,0.0,0.0,0.0
P98082,DAB2,0.0,0.0,0.0,0.0,0.0,0.0,0.0,0.0,0.0,0.0,0.0,0.0,0.0,0.0,0.0,0.0,0.0,4.589713028240029,0.0,0.0,0.0,0.0,0.0
P55735,SEC13,0.0,0.0,0.0,0.0,0.0,0.0,0.0,0.0,0.0,0.0,0.0,0.0,0.0,0.0,0.0,0.0,0.0,2.6741322399284164,0.0,0.0,0.0,0.0,0.0
P52306,RAP1GDS1,0.0,0.0,0.0,0.0,0.0,0.0,0.0,0.0,0.0,0.0,0.0,0.0,0.0,0.0,0.0,0.0,0.0,4.614201544676316,0.0,0.0,0.0,0.0,0.0
P50213,IDH3A,0.0,0.0,0.0,0.0,0.0,0.0,0.0,0.0,0.0,0.0,0.0,0.0,0.0,0.0,0.0,0.0,0.0,4.582578398912026,0.0,0.0,0.0,0.0,0.0
P46977,STT3A,0.0,0.0,0.0,0.0,0.0,0.0,0.0,0.0,0.0,0.0,0.0,0.0,0.0,0.0,0.0,0.0,0.0,4.5447226626592565,0.0,0.0,0.0,0.0,0.0
P45974-2,USP5,0.0,0.0,0.0,0.0,0.0,0.0,0.0,0.0,0.0,0.0,0.0,0.0,0.0,0.0,0.0,0.0,0.0,2.3607555932328217,0.0,0.0,0.0,0.0,0.0
P43686,PSMC4,0.0,0.0,0.0,0.0,0.0,0.0,0.0,0.0,0.0,0.0,0.0,0.0,0.0,0.0,0.0,0.0,0.0,2.0264571021968836,0.0,0.0,0.0,0.0,0.0
P30041,PRDX6,0.0,0.0,0.0,0.0,0.0,0.0,0.0,0.0,0.0,0.0,0.0,0.0,0.0,0.0,0.0,0.0,0.0,3.3920096454787583,0.0,0.0,0.0,0.0,0.0
P26951,IL3RA,0.0,0.0,0.0,0.0,0.0,0.0,0.0,0.0,0.0,0.0,0.0,0.0,0.0,0.0,0.0,0.0,0.0,4.684527366819209,0.0,0.0,0.0,0.0,0.0
P23284,PPIB,0.0,0.0,0.0,0.0,0.0,0.0,0.0,0.0,0.0,0.0,0.0,0.0,0.0,0.0,0.0,0.0,0.0,4.247280278001589,0.0,0.0,0.0,0.0,0.0
P10599,TXN,0.0,0.0,0.0,0.0,0.0,0.0,0.0,0.0,0.0,0.0,0.0,0.0,0.0,0.0,0.0,0.0,0.0,4.250004154746325,0.0,0.0,0.0,0.0,0.0
P09543,CNP,0.0,0.0,0.0,0.0,0.0,0.0,0.0,0.0,0.0,0.0,0.0,0.0,0.0,0.0,0.0,0.0,0.0,4.555241319543343,0.0,0.0,0.0,0.0,0.0
P04843,RPN1,0.0,0.0,0.0,0.0,0.0,0.0,0.0,0.0,0.0,0.0,0.0,0.0,0.0,0.0,0.0,0.0,0.0,4.1108805428317625,0.0,0.0,0.0,0.0,0.0
P00813,ADA,0.0,0.0,0.0,0.0,0.0,0.0,0.0,0.0,0.0,0.0,0.0,0.0,0.0,0.0,0.0,0.0,0.0,4.54129264148018,0.0,0.0,0.0,0.0,0.0
O75594,PGLYRP1,0.0,0.0,0.0,0.0,0.0,0.0,0.0,0.0,0.0,0.0,0.0,0.0,0.0,0.0,0.0,0.0,0.0,2.3820093315554183,0.0,0.0,0.0,0.0,0.0
O75460,ERN1,0.0,0.0,0.0,0.0,0.0,0.0,0.0,0.0,0.0,0.0,0.0,0.0,0.0,0.0,0.0,0.0,0.0,4.68673762015549,0.0,0.0,0.0,0.0,0.0
O60825-2,PFKFB2,0.0,0.0,0.0,0.0,0.0,0.0,0.0,0.0,0.0,0.0,0.0,0.0,0.0,0.0,0.0,0.0,0.0,4.69041575982343,0.0,0.0,0.0,0.0,0.0
O60343,TBC1D4,0.0,0.0,0.0,0.0,0.0,0.0,0.0,0.0,0.0,0.0,0.0,0.0,0.0,0.0,0.0,0.0,0.0,4.639398831440463,0.0,0.0,0.0,0.0,0.0
A4D1P6,WDR91,0.0,0.0,0.0,0.0,0.0,0.0,0.0,0.0,0.0,0.0,0.0,0.0,0.0,0.0,0.0,0.0,0.0,2.0861143509155493,0.0,0.0,0.0,0.0,0.0
O15118,NPC1,0.0,0.0,0.0,0.0,0.0,0.0,0.0,0.0,0.0,0.0,0.0,0.0,0.0,0.0,0.0,0.0,0.0,4.614579312047875,0.0,0.0,0.0,0.0,0.0
Q9UK41,VPS28,0.0,0.0,0.0,0.0,0.0,0.0,0.0,0.0,0.0,0.0,0.0,0.0,0.0,0.0,0.0,0.0,0.0,0.0,0.0,0.0,3.003629562094009,0.0,0.0
Q9UHX3,EMR2,0.0,0.0,0.0,0.0,0.0,0.0,0.0,0.0,0.0,0.0,0.0,0.0,0.0,0.0,0.0,0.0,0.0,0.0,0.0,0.0,4.503864989659388,0.0,0.0
Q9UGQ3,SLC2A6,0.0,0.0,0.0,0.0,0.0,0.0,0.0,0.0,0.0,0.0,0.0,0.0,0.0,0.0,0.0,0.0,0.0,0.0,0.0,0.0,4.459228292936446,0.0,0.0
Q9NRZ7,AGPAT3,0.0,0.0,0.0,0.0,0.0,0.0,0.0,0.0,0.0,0.0,0.0,0.0,0.0,0.0,0.0,0.0,0.0,0.0,0.0,0.0,4.333221295466602,0.0,0.0
Q9BTU6,PI4K2A,0.0,0.0,0.0,0.0,0.0,0.0,0.0,0.0,0.0,0.0,0.0,0.0,0.0,0.0,0.0,0.0,0.0,0.0,0.0,0.0,3.982481759775275,0.0,0.0
Q99523,SORT1,0.0,0.0,0.0,0.0,0.0,0.0,0.0,0.0,0.0,0.0,0.0,0.0,0.0,0.0,0.0,0.0,0.0,0.0,0.0,0.0,4.032679672191831,0.0,0.0
Q92882,OSTF1,0.0,0.0,0.0,0.0,0.0,0.0,0.0,0.0,0.0,0.0,0.0,0.0,0.0,0.0,0.0,0.0,0.0,0.0,0.0,0.0,2.4599792479668934,0.0,0.0
Q7Z7M8,B3GNT8,0.0,0.0,0.0,0.0,0.0,0.0,0.0,0.0,0.0,0.0,0.0,0.0,0.0,0.0,0.0,0.0,0.0,0.0,0.0,0.0,4.649213627815086,0.0,0.0
Q6P1A2,LPCAT3,0.0,0.0,0.0,0.0,0.0,0.0,0.0,0.0,0.0,0.0,0.0,0.0,0.0,0.0,0.0,0.0,0.0,0.0,0.0,0.0,4.016634378450919,0.0,0.0
Q16706,MAN2A1,0.0,0.0,0.0,0.0,0.0,0.0,0.0,0.0,0.0,0.0,0.0,0.0,0.0,0.0,0.0,0.0,0.0,0.0,0.0,0.0,3.464635022999936,0.0,0.0
P83111,LACTB,0.0,0.0,0.0,0.0,0.0,0.0,0.0,0.0,0.0,0.0,0.0,0.0,0.0,0.0,0.0,0.0,0.0,0.0,0.0,0.0,3.990402616829785,0.0,0.0
P61106,RAB14,0.0,0.0,0.0,0.0,0.0,0.0,0.0,0.0,0.0,0.0,0.0,0.0,0.0,0.0,0.0,0.0,0.0,0.0,0.0,0.0,3.420457400809532,0.0,0.0
P49593,PPM1F,0.0,0.0,0.0,0.0,0.0,0.0,0.0,0.0,0.0,0.0,0.0,0.0,0.0,0.0,0.0,0.0,0.0,0.0,0.0,0.0,3.9227836936938445,0.0,0.0
P43490,NAMPT,0.0,0.0,0.0,0.0,0.0,0.0,0.0,0.0,0.0,0.0,0.0,0.0,0.0,0.0,0.0,0.0,0.0,0.0,0.0,0.0,4.128496495624072,0.0,0.0
P43353,ALDH3B1,0.0,0.0,0.0,0.0,0.0,0.0,0.0,0.0,0.0,0.0,0.0,0.0,0.0,0.0,0.0,0.0,0.0,0.0,0.0,0.0,4.149680274577035,0.0,0.0
P20702,ITGAX,0.0,0.0,0.0,0.0,0.0,0.0,0.0,0.0,0.0,0.0,0.0,0.0,0.0,0.0,0.0,0.0,0.0,0.0,0.0,0.0,3.6158692547077664,0.0,0.0
P17676,CEBPB,0.0,0.0,0.0,0.0,0.0,0.0,0.0,0.0,0.0,0.0,0.0,0.0,0.0,0.0,0.0,0.0,0.0,0.0,0.0,0.0,4.3798907243974945,0.0,0.0
P12838,DEFA4,0.0,0.0,0.0,0.0,0.0,0.0,0.0,0.0,0.0,0.0,0.0,0.0,0.0,0.0,0.0,0.0,0.0,0.0,0.0,0.0,4.592696517277039,0.0,0.0
P10301,RRAS,0.0,0.0,0.0,0.0,0.0,0.0,0.0,0.0,0.0,0.0,0.0,0.0,0.0,0.0,0.0,0.0,0.0,0.0,0.0,0.0,4.303417832677565,0.0,0.0
P09601,HMOX1,0.0,0.0,0.0,0.0,0.0,0.0,0.0,0.0,0.0,0.0,0.0,0.0,0.0,0.0,0.0,0.0,0.0,0.0,0.0,0.0,4.32432989077959,0.0,0.0
O00453,LST1,0.0,0.0,0.0,0.0,0.0,0.0,0.0,0.0,0.0,0.0,0.0,0.0,0.0,0.0,0.0,0.0,0.0,0.0,0.0,0.0,4.466740256998048,0.0,0.0
Q15147-4,PLCB4,0.0,0.0,0.0,0.0,0.0,0.0,0.0,0.0,0.0,0.0,0.0,0.0,0.0,0.0,0.0,0.0,0.0,0.0,0.0,0.0,3.784294484131734,0.0,0.0
Q9Y680,FKBP7,0.0,0.0,0.0,0.0,0.0,0.0,0.0,0.0,0.0,0.0,0.0,0.0,0.0,0.0,0.0,0.0,0.0,0.0,0.0,4.679828457617761,0.0,0.0,0.0
Q8NCN4,RNF169,0.0,0.0,0.0,0.0,0.0,0.0,0.0,0.0,0.0,0.0,0.0,0.0,0.0,0.0,0.0,0.0,0.0,0.0,0.0,4.534373265877591,0.0,0.0,0.0
Q08477,CYP4F3,0.0,0.0,0.0,0.0,0.0,0.0,0.0,0.0,0.0,0.0,0.0,0.0,0.0,0.0,0.0,0.0,0.0,0.0,0.0,4.646677832929518,0.0,0.0,0.0
P80511,S100A12,0.0,0.0,0.0,0.0,0.0,0.0,0.0,0.0,0.0,0.0,0.0,0.0,0.0,0.0,0.0,0.0,0.0,0.0,0.0,4.503270618714689,0.0,0.0,0.0
P32320,CDA,0.0,0.0,0.0,0.0,0.0,0.0,0.0,0.0,0.0,0.0,0.0,0.0,0.0,0.0,0.0,0.0,0.0,0.0,0.0,3.950175007425185,0.0,0.0,0.0
P27338,MAOB,0.0,0.0,0.0,0.0,0.0,0.0,0.0,0.0,0.0,0.0,0.0,0.0,0.0,0.0,0.0,0.0,0.0,0.0,0.0,3.9702662329557854,0.0,0.0,0.0
P24158,PRTN3,0.0,0.0,0.0,0.0,0.0,0.0,0.0,0.0,0.0,0.0,0.0,0.0,0.0,0.0,0.0,0.0,0.0,0.0,0.0,3.9153940343240197,0.0,0.0,0.0
P05120,SERPINB2,0.0,0.0,0.0,0.0,0.0,0.0,0.0,0.0,0.0,0.0,0.0,0.0,0.0,0.0,0.0,0.0,0.0,0.0,0.0,3.8671063072077243,0.0,0.0,0.0
P02671,FGA,0.0,0.0,0.0,0.0,0.0,0.0,0.0,0.0,0.0,0.0,0.0,0.0,0.0,0.0,0.0,0.0,0.0,0.0,0.0,3.269587064851845,0.0,0.0,0.0
P05106,ITGB3,0.0,0.0,0.0,0.0,0.0,0.0,0.0,0.0,0.0,0.0,0.0,0.0,0.0,0.0,0.0,0.0,0.0,0.0,0.0,4.28343189471002,0.0,0.0,0.0
Q9HD89,RETN,0.0,0.0,0.0,0.0,0.0,0.0,0.0,0.0,0.0,0.0,0.0,0.0,0.0,0.0,0.0,0.0,0.0,0.0,4.141022011603948,0.0,0.0,0.0,0.0
Q9H1U4,MEGF9,0.0,0.0,0.0,0.0,0.0,0.0,0.0,0.0,0.0,0.0,0.0,0.0,0.0,0.0,0.0,0.0,0.0,0.0,3.725878606748603,0.0,0.0,0.0,0.0
Q9C073,FAM117A,0.0,0.0,0.0,0.0,0.0,0.0,0.0,0.0,0.0,0.0,0.0,0.0,0.0,0.0,0.0,0.0,0.0,0.0,4.051946421908608,0.0,0.0,0.0,0.0
Q9BWH6,RPAP1,0.0,0.0,0.0,0.0,0.0,0.0,0.0,0.0,0.0,0.0,0.0,0.0,0.0,0.0,0.0,0.0,0.0,0.0,3.8257902416726215,0.0,0.0,0.0,0.0
Q9BQ70,TCF25,0.0,0.0,0.0,0.0,0.0,0.0,0.0,0.0,0.0,0.0,0.0,0.0,0.0,0.0,0.0,0.0,0.0,0.0,4.1277030047381675,0.0,0.0,0.0,0.0
Q96DT0,LGALS12,0.0,0.0,0.0,0.0,0.0,0.0,0.0,0.0,0.0,0.0,0.0,0.0,0.0,0.0,0.0,0.0,0.0,0.0,4.36976550627024,0.0,0.0,0.0,0.0
Q8IV38,ANKMY2,0.0,0.0,0.0,0.0,0.0,0.0,0.0,0.0,0.0,0.0,0.0,0.0,0.0,0.0,0.0,0.0,0.0,0.0,4.07677252581314,0.0,0.0,0.0,0.0
Q6ZQN7,SLCO4C1,0.0,0.0,0.0,0.0,0.0,0.0,0.0,0.0,0.0,0.0,0.0,0.0,0.0,0.0,0.0,0.0,0.0,0.0,3.807562116699017,0.0,0.0,0.0,0.0
Q5SQ64,LY6G6F,0.0,0.0,0.0,0.0,0.0,0.0,0.0,0.0,0.0,0.0,0.0,0.0,0.0,0.0,0.0,0.0,0.0,0.0,4.63929742004917,0.0,0.0,0.0,0.0
Q17RC7,EXOC3L4,0.0,0.0,0.0,0.0,0.0,0.0,0.0,0.0,0.0,0.0,0.0,0.0,0.0,0.0,0.0,0.0,0.0,0.0,4.338154208113511,0.0,0.0,0.0,0.0
Q14DL9,CLEC5A,0.0,0.0,0.0,0.0,0.0,0.0,0.0,0.0,0.0,0.0,0.0,0.0,0.0,0.0,0.0,0.0,0.0,0.0,4.571736093698051,0.0,0.0,0.0,0.0
Q07817,BCL2L1,0.0,0.0,0.0,0.0,0.0,0.0,0.0,0.0,0.0,0.0,0.0,0.0,0.0,0.0,0.0,0.0,0.0,0.0,3.186615195444543,0.0,0.0,0.0,0.0
P61952,GNG11,0.0,0.0,0.0,0.0,0.0,0.0,0.0,0.0,0.0,0.0,0.0,0.0,0.0,0.0,0.0,0.0,0.0,0.0,4.555196258656026,0.0,0.0,0.0,0.0
P54253,ATXN1,0.0,0.0,0.0,0.0,0.0,0.0,0.0,0.0,0.0,0.0,0.0,0.0,0.0,0.0,0.0,0.0,0.0,0.0,4.5417994315308565,0.0,0.0,0.0,0.0
P48059,LIMS1,0.0,0.0,0.0,0.0,0.0,0.0,0.0,0.0,0.0,0.0,0.0,0.0,0.0,0.0,0.0,0.0,0.0,0.0,3.394597145118767,0.0,0.0,0.0,0.0
A0A087WVK0,,0.0,0.0,0.0,0.0,0.0,0.0,0.0,0.0,0.0,0.0,0.0,0.0,0.0,0.0,0.0,0.0,0.0,0.0,4.4802352647489245,0.0,0.0,0.0,0.0
P13611,VCAN,0.0,0.0,0.0,0.0,0.0,0.0,0.0,0.0,0.0,0.0,0.0,0.0,0.0,0.0,0.0,0.0,0.0,0.0,3.6130391729848164,0.0,0.0,0.0,0.0
Q71DI3,HIST2H3A,0.0,0.0,0.0,0.0,0.0,0.0,0.0,0.0,0.0,0.0,2.617915473286214,0.0,0.0,0.0,0.0,0.0,0.0,0.0,0.0,0.0,0.0,0.0,0.0
Q15113,PCOLCE,0.0,0.0,0.0,0.0,0.0,0.0,0.0,0.0,0.0,0.0,4.374669493873168,0.0,0.0,0.0,0.0,0.0,0.0,0.0,0.0,0.0,0.0,0.0,0.0
Q12805,EFEMP1,0.0,0.0,0.0,0.0,0.0,0.0,0.0,0.0,0.0,0.0,3.6310429162386453,0.0,0.0,0.0,0.0,0.0,0.0,0.0,0.0,0.0,0.0,0.0,0.0
P55058,PLTP,0.0,0.0,0.0,0.0,0.0,0.0,0.0,0.0,0.0,0.0,3.190890079878531,0.0,0.0,0.0,0.0,0.0,0.0,0.0,0.0,0.0,0.0,0.0,0.0
P0C0L5,C4B,0.0,0.0,0.0,0.0,0.0,0.0,0.0,0.0,0.0,0.0,2.5263585783238027,0.0,0.0,0.0,0.0,0.0,0.0,0.0,0.0,0.0,0.0,0.0,0.0
P07358,C8B,0.0,0.0,0.0,0.0,0.0,0.0,0.0,0.0,0.0,0.0,3.0326769336240256,0.0,0.0,0.0,0.0,0.0,0.0,0.0,0.0,0.0,0.0,0.0,0.0
P02760,AMBP,0.0,0.0,0.0,0.0,0.0,0.0,0.0,0.0,0.0,0.0,2.6216263944418126,0.0,0.0,0.0,0.0,0.0,0.0,0.0,0.0,0.0,0.0,0.0,0.0
P02748,C9,0.0,0.0,0.0,0.0,0.0,0.0,0.0,0.0,0.0,0.0,2.7056840939145093,0.0,0.0,0.0,0.0,0.0,0.0,0.0,0.0,0.0,0.0,0.0,0.0
P02747,C1QC,0.0,0.0,0.0,0.0,0.0,0.0,0.0,0.0,0.0,0.0,2.5876156539470365,0.0,0.0,0.0,0.0,0.0,0.0,0.0,0.0,0.0,0.0,0.0,0.0
P01042,KNG1,0.0,0.0,0.0,0.0,0.0,0.0,0.0,0.0,0.0,0.0,2.656453077920655,0.0,0.0,0.0,0.0,0.0,0.0,0.0,0.0,0.0,0.0,0.0,0.0
H0YAC1,KLKB1,0.0,0.0,0.0,0.0,0.0,0.0,0.0,0.0,0.0,0.0,3.29094363828226,0.0,0.0,0.0,0.0,0.0,0.0,0.0,0.0,0.0,0.0,0.0,0.0
P00747,PLG,0.0,0.0,0.0,0.0,0.0,0.0,0.0,0.0,0.0,0.0,3.0230735387977123,0.0,0.0,0.0,0.0,0.0,0.0,0.0,0.0,0.0,0.0,0.0,0.0
P20742,PZP,0.0,0.0,0.0,0.0,0.0,3.997293058451752,0.0,0.0,0.0,0.0,0.0,0.0,0.0,0.0,0.0,0.0,0.0,0.0,0.0,0.0,0.0,0.0,0.0
P19652,ORM2,0.0,0.0,0.0,0.0,0.0,3.4283575601543315,0.0,0.0,0.0,0.0,0.0,0.0,0.0,0.0,0.0,0.0,0.0,0.0,0.0,0.0,0.0,0.0,0.0
P0C7T5,ATXN1L,0.0,0.0,0.0,0.0,0.0,2.884597189555346,0.0,0.0,0.0,0.0,0.0,0.0,0.0,0.0,0.0,0.0,0.0,0.0,0.0,0.0,0.0,0.0,0.0
P06727,APOA4,0.0,0.0,0.0,0.0,0.0,2.897624676852144,0.0,0.0,0.0,0.0,0.0,0.0,0.0,0.0,0.0,0.0,0.0,0.0,0.0,0.0,0.0,0.0,0.0
P02790,HPX,0.0,0.0,0.0,0.0,0.0,2.642221324976394,0.0,0.0,0.0,0.0,0.0,0.0,0.0,0.0,0.0,0.0,0.0,0.0,0.0,0.0,0.0,0.0,0.0
P02787,TF,0.0,0.0,0.0,0.0,0.0,3.47021887739967,0.0,0.0,0.0,0.0,0.0,0.0,0.0,0.0,0.0,0.0,0.0,0.0,0.0,0.0,0.0,0.0,0.0
P02763,ORM1,0.0,0.0,0.0,0.0,0.0,4.379902102814972,0.0,0.0,0.0,0.0,0.0,0.0,0.0,0.0,0.0,0.0,0.0,0.0,0.0,0.0,0.0,0.0,0.0
P02743,APCS,0.0,0.0,0.0,0.0,0.0,4.198626454284495,0.0,0.0,0.0,0.0,0.0,0.0,0.0,0.0,0.0,0.0,0.0,0.0,0.0,0.0,0.0,0.0,0.0
P01009,SERPINA1,0.0,0.0,0.0,0.0,0.0,3.0823353364027484,0.0,0.0,0.0,0.0,0.0,0.0,0.0,0.0,0.0,0.0,0.0,0.0,0.0,0.0,0.0,0.0,0.0
P00738,HP,0.0,0.0,0.0,0.0,0.0,2.646771737695524,0.0,0.0,0.0,0.0,0.0,0.0,0.0,0.0,0.0,0.0,0.0,0.0,0.0,0.0,0.0,0.0,0.0
P00739,HPR,0.0,0.0,0.0,0.0,0.0,2.92683692558488,0.0,0.0,0.0,0.0,0.0,0.0,0.0,0.0,0.0,0.0,0.0,0.0,0.0,0.0,0.0,0.0,0.0
Q9Y2H1,STK38L,0.0,0.0,0.0,0.0,0.0,0.0,0.0,0.0,0.0,0.0,0.0,0.0,0.0,0.0,0.0,0.0,3.7300204846118885,0.0,0.0,0.0,0.0,0.0,0.0
Q9NYL2,ZAK,0.0,0.0,0.0,0.0,0.0,0.0,0.0,0.0,0.0,0.0,0.0,0.0,0.0,0.0,0.0,0.0,3.883644415468656,0.0,0.0,0.0,0.0,0.0,0.0
Q96SQ9,CYP2S1,0.0,0.0,0.0,0.0,0.0,0.0,0.0,0.0,0.0,0.0,0.0,0.0,0.0,0.0,0.0,0.0,4.426174127210192,0.0,0.0,0.0,0.0,0.0,0.0
Q8NBT2,SPC24,0.0,0.0,0.0,0.0,0.0,0.0,0.0,0.0,0.0,0.0,0.0,0.0,0.0,0.0,0.0,0.0,4.336543248508385,0.0,0.0,0.0,0.0,0.0,0.0
Q8N8D1,PDCD7,0.0,0.0,0.0,0.0,0.0,0.0,0.0,0.0,0.0,0.0,0.0,0.0,0.0,0.0,0.0,0.0,4.665646303329488,0.0,0.0,0.0,0.0,0.0,0.0
Q16658,FSCN1,0.0,0.0,0.0,0.0,0.0,0.0,0.0,0.0,0.0,0.0,0.0,0.0,0.0,0.0,0.0,0.0,4.487950170823384,0.0,0.0,0.0,0.0,0.0,0.0
Q15021,NCAPD2,0.0,0.0,0.0,0.0,0.0,0.0,0.0,0.0,0.0,0.0,0.0,0.0,0.0,0.0,0.0,0.0,4.2138558101869075,0.0,0.0,0.0,0.0,0.0,0.0
Q13153,PAK1,0.0,0.0,0.0,0.0,0.0,0.0,0.0,0.0,0.0,0.0,0.0,0.0,0.0,0.0,0.0,0.0,4.196974700919458,0.0,0.0,0.0,0.0,0.0,0.0
P63000,RAC1;RAC3,0.0,0.0,0.0,0.0,0.0,0.0,0.0,0.0,0.0,0.0,0.0,0.0,0.0,0.0,0.0,0.0,3.389155148169407,0.0,0.0,0.0,0.0,0.0,0.0
P60520,GABARAPL2,0.0,0.0,0.0,0.0,0.0,0.0,0.0,0.0,0.0,0.0,0.0,0.0,0.0,0.0,0.0,0.0,4.2785887083118475,0.0,0.0,0.0,0.0,0.0,0.0
P49736,MCM2,0.0,0.0,0.0,0.0,0.0,0.0,0.0,0.0,0.0,0.0,0.0,0.0,0.0,0.0,0.0,0.0,4.373157914691615,0.0,0.0,0.0,0.0,0.0,0.0
P49619,DGKG,0.0,0.0,0.0,0.0,0.0,0.0,0.0,0.0,0.0,0.0,0.0,0.0,0.0,0.0,0.0,0.0,4.541213545377444,0.0,0.0,0.0,0.0,0.0,0.0
P49327,FASN,0.0,0.0,0.0,0.0,0.0,0.0,0.0,0.0,0.0,0.0,0.0,0.0,0.0,0.0,0.0,0.0,3.81827231955727,0.0,0.0,0.0,0.0,0.0,0.0
P33993,MCM7,0.0,0.0,0.0,0.0,0.0,0.0,0.0,0.0,0.0,0.0,0.0,0.0,0.0,0.0,0.0,0.0,4.395510203744555,0.0,0.0,0.0,0.0,0.0,0.0
P20061,TCN1,0.0,0.0,0.0,0.0,0.0,0.0,0.0,0.0,0.0,0.0,0.0,0.0,0.0,0.0,0.0,0.0,3.2174245309100677,0.0,0.0,0.0,0.0,0.0,0.0
P15309,ACPP,0.0,0.0,0.0,0.0,0.0,0.0,0.0,0.0,0.0,0.0,0.0,0.0,0.0,0.0,0.0,0.0,3.928639857723659,0.0,0.0,0.0,0.0,0.0,0.0
P11586,MTHFD1,0.0,0.0,0.0,0.0,0.0,0.0,0.0,0.0,0.0,0.0,0.0,0.0,0.0,0.0,0.0,0.0,2.806654891993954,0.0,0.0,0.0,0.0,0.0,0.0
O15247,CLIC2,0.0,0.0,0.0,0.0,0.0,0.0,0.0,0.0,0.0,0.0,0.0,0.0,0.0,0.0,0.0,0.0,4.505204277917135,0.0,0.0,0.0,0.0,0.0,0.0
O95347,SMC2,0.0,0.0,0.0,0.0,0.0,0.0,0.0,0.0,0.0,0.0,0.0,0.0,0.0,0.0,0.0,0.0,4.320466249227157,0.0,0.0,0.0,0.0,0.0,0.0
Q9UPW0,FOXJ3,0.0,0.0,0.0,0.0,0.0,0.0,0.0,0.0,0.0,0.0,0.0,0.0,0.0,0.0,0.0,0.0,0.0,0.0,0.0,0.0,0.0,4.1603832133970124,0.0
Q92539,LPIN2,0.0,0.0,0.0,0.0,0.0,0.0,0.0,0.0,0.0,0.0,0.0,0.0,0.0,0.0,0.0,0.0,0.0,0.0,0.0,0.0,0.0,4.004174124884593,0.0
Q8WV44,TRIM41,0.0,0.0,0.0,0.0,0.0,0.0,0.0,0.0,0.0,0.0,0.0,0.0,0.0,0.0,0.0,0.0,0.0,0.0,0.0,0.0,0.0,4.390740536036512,0.0
Q7Z2K6,ERMP1,0.0,0.0,0.0,0.0,0.0,0.0,0.0,0.0,0.0,0.0,0.0,0.0,0.0,0.0,0.0,0.0,0.0,0.0,0.0,0.0,0.0,4.480759503746636,0.0
Q13478,IL18R1,0.0,0.0,0.0,0.0,0.0,0.0,0.0,0.0,0.0,0.0,0.0,0.0,0.0,0.0,0.0,0.0,0.0,0.0,0.0,0.0,0.0,3.9712256709040137,0.0
P63096,GNAI1,0.0,0.0,0.0,0.0,0.0,0.0,0.0,0.0,0.0,0.0,0.0,0.0,0.0,0.0,0.0,0.0,0.0,0.0,0.0,0.0,0.0,4.595011939075607,0.0
P57729,RAB38,0.0,0.0,0.0,0.0,0.0,0.0,0.0,0.0,0.0,0.0,0.0,0.0,0.0,0.0,0.0,0.0,0.0,0.0,0.0,0.0,0.0,4.68474509528776,0.0
P56202,CTSW,0.0,0.0,0.0,0.0,0.0,0.0,0.0,0.0,0.0,0.0,0.0,0.0,0.0,0.0,0.0,0.0,0.0,0.0,0.0,0.0,0.0,4.150295648119406,0.0
P42680,TEC,0.0,0.0,0.0,0.0,0.0,0.0,0.0,0.0,0.0,0.0,0.0,0.0,0.0,0.0,0.0,0.0,0.0,0.0,0.0,0.0,0.0,4.22576884956547,0.0
P30837,ALDH1B1,0.0,0.0,0.0,0.0,0.0,0.0,0.0,0.0,0.0,0.0,0.0,0.0,0.0,0.0,0.0,0.0,0.0,0.0,0.0,0.0,0.0,3.418772710740105,0.0
J3KNV1,ZNF292,0.0,0.0,0.0,0.0,0.0,0.0,0.0,0.0,0.0,0.0,0.0,0.0,0.0,0.0,0.0,0.0,0.0,0.0,0.0,0.0,0.0,4.418044303843863,0.0
P23458,JAK1,0.0,0.0,0.0,0.0,0.0,0.0,0.0,0.0,0.0,0.0,0.0,0.0,0.0,0.0,0.0,0.0,0.0,0.0,0.0,0.0,0.0,3.4923307055989206,0.0
Q9Y6Y0,IVNS1ABP,0.0,0.0,0.0,0.0,0.0,0.0,0.0,0.0,0.0,0.0,0.0,0.0,0.0,0.0,0.0,0.0,0.0,0.0,0.0,0.0,0.0,0.0,3.6466039411440305
Q9Y653,GPR56,0.0,0.0,0.0,0.0,0.0,0.0,0.0,0.0,0.0,0.0,0.0,0.0,0.0,0.0,0.0,0.0,0.0,0.0,0.0,0.0,0.0,0.0,4.1038629216385685
Q9Y286,SIGLEC7,0.0,0.0,0.0,0.0,0.0,0.0,0.0,0.0,0.0,0.0,0.0,0.0,0.0,0.0,0.0,0.0,0.0,0.0,0.0,0.0,0.0,0.0,3.953336696460996
Q9HDC9,APMAP,0.0,0.0,0.0,0.0,0.0,0.0,0.0,0.0,0.0,0.0,0.0,0.0,0.0,0.0,0.0,0.0,0.0,0.0,0.0,0.0,0.0,0.0,3.2608589829851757
Q9BYJ0,FGFBP2,0.0,0.0,0.0,0.0,0.0,0.0,0.0,0.0,0.0,0.0,0.0,0.0,0.0,0.0,0.0,0.0,0.0,0.0,0.0,0.0,0.0,0.0,4.579858452156175
Q96NB3,ZNF830,0.0,0.0,0.0,0.0,0.0,0.0,0.0,0.0,0.0,0.0,0.0,0.0,0.0,0.0,0.0,0.0,0.0,0.0,0.0,0.0,0.0,0.0,3.0517567329043276
Q96C19,EFHD2,0.0,0.0,0.0,0.0,0.0,0.0,0.0,0.0,0.0,0.0,0.0,0.0,0.0,0.0,0.0,0.0,0.0,0.0,0.0,0.0,0.0,0.0,3.098402028731618
Q14847,LASP1,0.0,0.0,0.0,0.0,0.0,0.0,0.0,0.0,0.0,0.0,0.0,0.0,0.0,0.0,0.0,0.0,0.0,0.0,0.0,0.0,0.0,0.0,2.857031485164327
P25025,CXCR2,0.0,0.0,0.0,0.0,0.0,0.0,0.0,0.0,0.0,0.0,0.0,0.0,0.0,0.0,0.0,0.0,0.0,0.0,0.0,0.0,0.0,0.0,4.4991599023364
P22304,IDS,0.0,0.0,0.0,0.0,0.0,0.0,0.0,0.0,0.0,0.0,0.0,0.0,0.0,0.0,0.0,0.0,0.0,0.0,0.0,0.0,0.0,0.0,4.059766307594662
P04271,S100B,0.0,0.0,0.0,0.0,0.0,0.0,0.0,0.0,0.0,0.0,0.0,0.0,0.0,0.0,0.0,0.0,0.0,0.0,0.0,0.0,0.0,0.0,4.309215034954467
A0A087WZR4,FCGR3B,0.0,0.0,0.0,0.0,0.0,0.0,0.0,0.0,0.0,0.0,0.0,0.0,0.0,0.0,0.0,0.0,0.0,0.0,0.0,0.0,0.0,0.0,3.9930624339287255
P02100,HBE1,0.0,0.0,0.0,0.0,0.0,0.0,0.0,0.0,0.0,0.0,0.0,0.0,0.0,0.0,0.0,0.0,0.0,0.0,0.0,0.0,0.0,0.0,3.971654591918428
Q9Y240,CLEC11A,0.0,0.0,4.673019009444016,0.0,0.0,0.0,0.0,0.0,0.0,0.0,0.0,0.0,0.0,0.0,0.0,0.0,0.0,0.0,0.0,0.0,0.0,0.0,0.0
Q92743,HTRA1,0.0,0.0,4.690415759823429,0.0,0.0,0.0,0.0,0.0,0.0,0.0,0.0,0.0,0.0,0.0,0.0,0.0,0.0,0.0,0.0,0.0,0.0,0.0,0.0
Q8NHU6,TDRD7,0.0,0.0,4.528763444920457,0.0,0.0,0.0,0.0,0.0,0.0,0.0,0.0,0.0,0.0,0.0,0.0,0.0,0.0,0.0,0.0,0.0,0.0,0.0,0.0
Q8NBJ4,GOLM1,0.0,0.0,4.395238627933024,0.0,0.0,0.0,0.0,0.0,0.0,0.0,0.0,0.0,0.0,0.0,0.0,0.0,0.0,0.0,0.0,0.0,0.0,0.0,0.0
Q68DH5,LMBRD2,0.0,0.0,4.3438387732592965,0.0,0.0,0.0,0.0,0.0,0.0,0.0,0.0,0.0,0.0,0.0,0.0,0.0,0.0,0.0,0.0,0.0,0.0,0.0,0.0
P35625,TIMP3,0.0,0.0,4.629499715114557,0.0,0.0,0.0,0.0,0.0,0.0,0.0,0.0,0.0,0.0,0.0,0.0,0.0,0.0,0.0,0.0,0.0,0.0,0.0,0.0
P29279,CTGF,0.0,0.0,4.353907333101292,0.0,0.0,0.0,0.0,0.0,0.0,0.0,0.0,0.0,0.0,0.0,0.0,0.0,0.0,0.0,0.0,0.0,0.0,0.0,0.0
P18065,IGFBP2,0.0,0.0,4.685218865362249,0.0,0.0,0.0,0.0,0.0,0.0,0.0,0.0,0.0,0.0,0.0,0.0,0.0,0.0,0.0,0.0,0.0,0.0,0.0,0.0
P09497-2,CLTB,0.0,0.0,3.723982250482212,0.0,0.0,0.0,0.0,0.0,0.0,0.0,0.0,0.0,0.0,0.0,0.0,0.0,0.0,0.0,0.0,0.0,0.0,0.0,0.0
P08493,MGP,0.0,0.0,4.690415759823428,0.0,0.0,0.0,0.0,0.0,0.0,0.0,0.0,0.0,0.0,0.0,0.0,0.0,0.0,0.0,0.0,0.0,0.0,0.0,0.0
P08473,MME,0.0,0.0,4.526986482115583,0.0,0.0,0.0,0.0,0.0,0.0,0.0,0.0,0.0,0.0,0.0,0.0,0.0,0.0,0.0,0.0,0.0,0.0,0.0,0.0
P06858,LPL,0.0,0.0,4.116503579144369,0.0,0.0,0.0,0.0,0.0,0.0,0.0,0.0,0.0,0.0,0.0,0.0,0.0,0.0,0.0,0.0,0.0,0.0,0.0,0.0
P02795,MT2A,0.0,0.0,4.421038713028507,0.0,0.0,0.0,0.0,0.0,0.0,0.0,0.0,0.0,0.0,0.0,0.0,0.0,0.0,0.0,0.0,0.0,0.0,0.0,0.0
P02788,LTF,0.0,0.0,4.005883678791662,0.0,0.0,0.0,0.0,0.0,0.0,0.0,0.0,0.0,0.0,0.0,0.0,0.0,0.0,0.0,0.0,0.0,0.0,0.0,0.0
P02730,SLC4A1,0.0,0.0,4.398538025490067,0.0,0.0,0.0,0.0,0.0,0.0,0.0,0.0,0.0,0.0,0.0,0.0,0.0,0.0,0.0,0.0,0.0,0.0,0.0,0.0
P02452,COL1A1,0.0,0.0,4.344476758487976,0.0,0.0,0.0,0.0,0.0,0.0,0.0,0.0,0.0,0.0,0.0,0.0,0.0,0.0,0.0,0.0,0.0,0.0,0.0,0.0
G3XAP6,COMP,0.0,0.0,4.203151111330557,0.0,0.0,0.0,0.0,0.0,0.0,0.0,0.0,0.0,0.0,0.0,0.0,0.0,0.0,0.0,0.0,0.0,0.0,0.0,0.0
B1ALD9,POSTN,0.0,0.0,4.686756267748086,0.0,0.0,0.0,0.0,0.0,0.0,0.0,0.0,0.0,0.0,0.0,0.0,0.0,0.0,0.0,0.0,0.0,0.0,0.0,0.0
F5H7N8,OLR1,0.0,0.0,4.672413453675515,0.0,0.0,0.0,0.0,0.0,0.0,0.0,0.0,0.0,0.0,0.0,0.0,0.0,0.0,0.0,0.0,0.0,0.0,0.0,0.0
Q9Y617,PSAT1,0.0,0.0,0.0,0.0,0.0,0.0,0.0,0.0,0.0,0.0,0.0,0.0,0.0,0.0,0.0,2.4950546651743197,0.0,0.0,0.0,0.0,0.0,0.0,0.0
Q9UJU2,LEF1,0.0,0.0,0.0,0.0,0.0,0.0,0.0,0.0,0.0,0.0,0.0,0.0,0.0,0.0,0.0,2.619392925927971,0.0,0.0,0.0,0.0,0.0,0.0,0.0
Q9NZW5,MPP6,0.0,0.0,0.0,0.0,0.0,0.0,0.0,0.0,0.0,0.0,0.0,0.0,0.0,0.0,0.0,2.8964975273775715,0.0,0.0,0.0,0.0,0.0,0.0,0.0
Q9NRG1,PRTFDC1,0.0,0.0,0.0,0.0,0.0,0.0,0.0,0.0,0.0,0.0,0.0,0.0,0.0,0.0,0.0,4.69041575982343,0.0,0.0,0.0,0.0,0.0,0.0,0.0
Q8NA72,POC5,0.0,0.0,0.0,0.0,0.0,0.0,0.0,0.0,0.0,0.0,0.0,0.0,0.0,0.0,0.0,2.929632510160399,0.0,0.0,0.0,0.0,0.0,0.0,0.0
Q86TP1,PRUNE,0.0,0.0,0.0,0.0,0.0,0.0,0.0,0.0,0.0,0.0,0.0,0.0,0.0,0.0,0.0,2.404977170364797,0.0,0.0,0.0,0.0,0.0,0.0,0.0
Q15118,PDK1,0.0,0.0,0.0,0.0,0.0,0.0,0.0,0.0,0.0,0.0,0.0,0.0,0.0,0.0,0.0,3.5099592971618563,0.0,0.0,0.0,0.0,0.0,0.0,0.0
P31321,PRKAR1B,0.0,0.0,0.0,0.0,0.0,0.0,0.0,0.0,0.0,0.0,0.0,0.0,0.0,0.0,0.0,3.6211076551983776,0.0,0.0,0.0,0.0,0.0,0.0,0.0
P21589,NT5E,0.0,0.0,0.0,0.0,0.0,0.0,0.0,0.0,0.0,0.0,0.0,0.0,0.0,0.0,0.0,3.4476504771048626,0.0,0.0,0.0,0.0,0.0,0.0,0.0
P21399,ACO1,0.0,0.0,0.0,0.0,0.0,0.0,0.0,0.0,0.0,0.0,0.0,0.0,0.0,0.0,0.0,2.0504283624757282,0.0,0.0,0.0,0.0,0.0,0.0,0.0
P16452,EPB42,0.0,0.0,0.0,0.0,0.0,0.0,0.0,0.0,0.0,0.0,0.0,0.0,0.0,0.0,0.0,4.640525823315406,0.0,0.0,0.0,0.0,0.0,0.0,0.0
O15014,ZNF609,0.0,0.0,0.0,0.0,0.0,0.0,0.0,0.0,0.0,0.0,0.0,0.0,0.0,0.0,0.0,3.6117795529392733,0.0,0.0,0.0,0.0,0.0,0.0,0.0
P11216,PYGB,0.0,0.0,0.0,0.0,0.0,0.0,0.0,0.0,0.0,0.0,0.0,0.0,0.0,0.0,0.0,2.41553239363146,0.0,0.0,0.0,0.0,0.0,0.0,0.0
P06239,LCK,0.0,0.0,0.0,0.0,0.0,0.0,0.0,0.0,0.0,1.7337419998881451,0.0,0.0,0.0,0.0,0.0,0.0,0.0,0.0,0.0,0.0,0.0,0.0,0.0
Q86UA1,PRPF39,0.0,0.0,0.0,0.0,0.0,0.0,0.0,0.0,0.0,2.2941091813732113,0.0,0.0,0.0,0.0,0.0,0.0,0.0,0.0,0.0,0.0,0.0,0.0,0.0
Q7LBC6,KDM3B,0.0,0.0,0.0,0.0,0.0,0.0,0.0,0.0,0.0,4.040207628257351,0.0,0.0,0.0,0.0,0.0,0.0,0.0,0.0,0.0,0.0,0.0,0.0,0.0
Q49A26,GLYR1,0.0,0.0,0.0,0.0,0.0,0.0,0.0,0.0,0.0,2.624186555146184,0.0,0.0,0.0,0.0,0.0,0.0,0.0,0.0,0.0,0.0,0.0,0.0,0.0
P50613,CDK7,0.0,0.0,0.0,0.0,0.0,0.0,0.0,0.0,0.0,2.738921167804401,0.0,0.0,0.0,0.0,0.0,0.0,0.0,0.0,0.0,0.0,0.0,0.0,0.0
P34897,SHMT2,0.0,0.0,0.0,0.0,0.0,0.0,0.0,0.0,0.0,3.8092666894814844,0.0,0.0,0.0,0.0,0.0,0.0,0.0,0.0,0.0,0.0,0.0,0.0,0.0
P26842,CD27,0.0,0.0,0.0,0.0,0.0,0.0,0.0,0.0,0.0,2.200133830460503,0.0,0.0,0.0,0.0,0.0,0.0,0.0,0.0,0.0,0.0,0.0,0.0,0.0
P11441,UBL4A,0.0,0.0,0.0,0.0,0.0,0.0,0.0,0.0,0.0,2.026396223545623,0.0,0.0,0.0,0.0,0.0,0.0,0.0,0.0,0.0,0.0,0.0,0.0,0.0
P10747,CD28,0.0,0.0,0.0,0.0,0.0,0.0,0.0,0.0,0.0,3.0164209710424554,0.0,0.0,0.0,0.0,0.0,0.0,0.0,0.0,0.0,0.0,0.0,0.0,0.0
P02545-2,LMNA,0.0,0.0,0.0,0.0,0.0,0.0,0.0,0.0,0.0,4.2998747589809065,0.0,0.0,0.0,0.0,0.0,0.0,0.0,0.0,0.0,0.0,0.0,0.0,0.0
E7ER45,MGAM,0.0,0.0,0.0,0.0,0.0,0.0,0.0,0.0,0.0,2.98669250521714,0.0,0.0,0.0,0.0,0.0,0.0,0.0,0.0,0.0,0.0,0.0,0.0,0.0
K7EQ37,UNC13D,0.0,0.0,0.0,0.0,0.0,0.0,0.0,0.0,0.0,2.909855714398135,0.0,0.0,0.0,0.0,0.0,0.0,0.0,0.0,0.0,0.0,0.0,0.0,0.0
Q9BRZ2,TRIM56,0.0,0.0,0.0,0.0,0.0,0.0,0.0,0.0,0.0,0.0,0.0,0.0,0.0,0.0,4.1713288929556525,0.0,0.0,0.0,0.0,0.0,0.0,0.0,0.0
Q5R3I4,TTC38,0.0,0.0,0.0,0.0,0.0,0.0,0.0,0.0,0.0,0.0,0.0,0.0,0.0,0.0,3.5762645138625704,0.0,0.0,0.0,0.0,0.0,0.0,0.0,0.0
Q16643,DBN1,0.0,0.0,0.0,0.0,0.0,0.0,0.0,0.0,0.0,0.0,0.0,0.0,0.0,0.0,3.3294931946644133,0.0,0.0,0.0,0.0,0.0,0.0,0.0,0.0
P31151,S100A7,0.0,0.0,0.0,0.0,0.0,0.0,0.0,0.0,0.0,0.0,0.0,0.0,0.0,0.0,4.32143200437712,0.0,0.0,0.0,0.0,0.0,0.0,0.0,0.0
P20718,GZMH,0.0,0.0,0.0,0.0,0.0,0.0,0.0,0.0,0.0,0.0,0.0,0.0,0.0,0.0,3.81629423557925,0.0,0.0,0.0,0.0,0.0,0.0,0.0,0.0
P22894,MMP8,0.0,0.0,0.0,0.0,0.0,0.0,0.0,0.0,0.0,0.0,0.0,0.0,0.0,0.0,3.5668480379525387,0.0,0.0,0.0,0.0,0.0,0.0,0.0,0.0
Q9HCN4,GPN1,0.0,0.0,0.0,4.454549225389219,0.0,0.0,0.0,0.0,0.0,0.0,0.0,0.0,0.0,0.0,0.0,0.0,0.0,0.0,0.0,0.0,0.0,0.0,0.0
Q9H2D6,TRIOBP,0.0,0.0,0.0,4.672884392087034,0.0,0.0,0.0,0.0,0.0,0.0,0.0,0.0,0.0,0.0,0.0,0.0,0.0,0.0,0.0,0.0,0.0,0.0,0.0
Q12955,ANK3,0.0,0.0,0.0,2.8852774864194983,0.0,0.0,0.0,0.0,0.0,0.0,0.0,0.0,0.0,0.0,0.0,0.0,0.0,0.0,0.0,0.0,0.0,0.0,0.0
P42695,NCAPD3,0.0,0.0,0.0,3.8472286202570762,0.0,0.0,0.0,0.0,0.0,0.0,0.0,0.0,0.0,0.0,0.0,0.0,0.0,0.0,0.0,0.0,0.0,0.0,0.0
Q04759,PRKCQ,0.0,0.0,0.0,2.8862927606321653,0.0,0.0,0.0,0.0,0.0,0.0,0.0,0.0,0.0,0.0,0.0,0.0,0.0,0.0,0.0,0.0,0.0,0.0,0.0
Q9UK61,FAM208A,0.0,0.0,0.0,0.0,0.0,0.0,0.0,0.0,0.0,0.0,0.0,0.0,3.307863700951904,0.0,0.0,0.0,0.0,0.0,0.0,0.0,0.0,0.0,0.0
Q6S8J3,POTEE,0.0,0.0,0.0,0.0,0.0,0.0,0.0,0.0,0.0,0.0,0.0,0.0,3.918832826378553,0.0,0.0,0.0,0.0,0.0,0.0,0.0,0.0,0.0,0.0
P78563,ADARB1,0.0,0.0,0.0,0.0,0.0,0.0,0.0,0.0,0.0,0.0,0.0,0.0,2.575141176638666,0.0,0.0,0.0,0.0,0.0,0.0,0.0,0.0,0.0,0.0
M0QXA7,WIZ,0.0,0.0,0.0,0.0,0.0,0.0,0.0,0.0,0.0,0.0,0.0,0.0,4.622984233291063,0.0,0.0,0.0,0.0,0.0,0.0,0.0,0.0,0.0,0.0
P38936,CDKN1A,0.0,0.0,0.0,0.0,0.0,0.0,0.0,0.0,0.0,0.0,0.0,0.0,4.618547540297081,0.0,0.0,0.0,0.0,0.0,0.0,0.0,0.0,0.0,0.0
Q8NDB2,BANK1,3.822836976366178,0.0,0.0,0.0,0.0,0.0,0.0,0.0,0.0,0.0,0.0,0.0,0.0,0.0,0.0,0.0,0.0,0.0,0.0,0.0,0.0,0.0,0.0
Q01105-2,SET;SETSIP,4.539029377164576,0.0,0.0,0.0,0.0,0.0,0.0,0.0,0.0,0.0,0.0,0.0,0.0,0.0,0.0,0.0,0.0,0.0,0.0,0.0,0.0,0.0,0.0
P23497,SP100,4.326784568054921,0.0,0.0,0.0,0.0,0.0,0.0,0.0,0.0,0.0,0.0,0.0,0.0,0.0,0.0,0.0,0.0,0.0,0.0,0.0,0.0,0.0,0.0
P11912,CD79A,4.324242506113761,0.0,0.0,0.0,0.0,0.0,0.0,0.0,0.0,0.0,0.0,0.0,0.0,0.0,0.0,0.0,0.0,0.0,0.0,0.0,0.0,0.0,0.0
P05204,HMGN2,4.3378275089446365,0.0,0.0,0.0,0.0,0.0,0.0,0.0,0.0,0.0,0.0,0.0,0.0,0.0,0.0,0.0,0.0,0.0,0.0,0.0,0.0,0.0,0.0
O43304,SEC14L5,4.685249688099431,0.0,0.0,0.0,0.0,0.0,0.0,0.0,0.0,0.0,0.0,0.0,0.0,0.0,0.0,0.0,0.0,0.0,0.0,0.0,0.0,0.0,0.0
P05121,SERPINE1,4.599833758811266,0.0,0.0,0.0,0.0,0.0,0.0,0.0,0.0,0.0,0.0,0.0,0.0,0.0,0.0,0.0,0.0,0.0,0.0,0.0,0.0,0.0,0.0
Q9H425,C1orf198,0.0,4.4210293833265615,0.0,0.0,0.0,0.0,0.0,0.0,0.0,0.0,0.0,0.0,0.0,0.0,0.0,0.0,0.0,0.0,0.0,0.0,0.0,0.0,0.0
Q8IXW5,RPAP2,0.0,4.679885268135544,0.0,0.0,0.0,0.0,0.0,0.0,0.0,0.0,0.0,0.0,0.0,0.0,0.0,0.0,0.0,0.0,0.0,0.0,0.0,0.0,0.0
P49006,MARCKSL1,0.0,2.521583644463215,0.0,0.0,0.0,0.0,0.0,0.0,0.0,0.0,0.0,0.0,0.0,0.0,0.0,0.0,0.0,0.0,0.0,0.0,0.0,0.0,0.0
P80188,LCN2,0.0,4.430599333424557,0.0,0.0,0.0,0.0,0.0,0.0,0.0,0.0,0.0,0.0,0.0,0.0,0.0,0.0,0.0,0.0,0.0,0.0,0.0,0.0,0.0
Q5M7Z0,RNFT1,0.0,0.0,0.0,0.0,2.618395122533752,0.0,0.0,0.0,0.0,0.0,0.0,0.0,0.0,0.0,0.0,0.0,0.0,0.0,0.0,0.0,0.0,0.0,0.0
Q12841,FSTL1,0.0,0.0,0.0,0.0,3.9030628701861407,0.0,0.0,0.0,0.0,0.0,0.0,0.0,0.0,0.0,0.0,0.0,0.0,0.0,0.0,0.0,0.0,0.0,0.0
P29965,CD40LG;TNFSF5,0.0,0.0,0.0,0.0,4.602867042731934,0.0,0.0,0.0,0.0,0.0,0.0,0.0,0.0,0.0,0.0,0.0,0.0,0.0,0.0,0.0,0.0,0.0,0.0
Q01813,PFKP,0.0,0.0,0.0,0.0,2.2556412088841853,0.0,0.0,0.0,0.0,0.0,0.0,0.0,0.0,0.0,0.0,0.0,0.0,0.0,0.0,0.0,0.0,0.0,0.0
Q13231,CHIT1,0.0,0.0,0.0,0.0,0.0,0.0,0.0,2.5979356093628,0.0,0.0,0.0,0.0,0.0,0.0,0.0,0.0,0.0,0.0,0.0,0.0,0.0,0.0,0.0
Q6ZNW5,GDPGP1,0.0,0.0,0.0,0.0,0.0,0.0,0.0,0.0,0.0,0.0,0.0,2.9847240863161786,0.0,0.0,0.0,0.0,0.0,0.0,0.0,0.0,0.0,0.0,0.0
Q16566,CAMK4,0.0,0.0,0.0,0.0,0.0,0.0,0.0,0.0,0.0,0.0,0.0,2.030147973735154,0.0,0.0,0.0,0.0,0.0,0.0,0.0,0.0,0.0,0.0,0.0
Q12873,CHD3,0.0,0.0,0.0,0.0,0.0,0.0,0.0,0.0,0.0,0.0,0.0,2.4984258738335954,0.0,0.0,0.0,0.0,0.0,0.0,0.0,0.0,0.0,0.0,0.0
Q01082,SPTBN1,0.0,0.0,0.0,0.0,0.0,0.0,0.0,0.0,0.0,0.0,0.0,2.5005213552043886,0.0,0.0,0.0,0.0,0.0,0.0,0.0,0.0,0.0,0.0,0.0
P78332,RBM6,0.0,0.0,0.0,0.0,0.0,0.0,0.0,0.0,0.0,0.0,0.0,2.2135125339801216,0.0,0.0,0.0,0.0,0.0,0.0,0.0,0.0,0.0,0.0,0.0
P07305,H1F0,0.0,0.0,0.0,0.0,0.0,0.0,0.0,0.0,0.0,0.0,0.0,3.212543380638588,0.0,0.0,0.0,0.0,0.0,0.0,0.0,0.0,0.0,0.0,0.0
G8JLA2,PDE6H,0.0,0.0,0.0,0.0,0.0,0.0,0.0,0.0,0.0,0.0,0.0,4.69041575982343,0.0,0.0,0.0,0.0,0.0,0.0,0.0,0.0,0.0,0.0,0.0
O60551,NMT2,0.0,0.0,0.0,0.0,0.0,0.0,0.0,0.0,0.0,0.0,0.0,2.9981356985605245,0.0,0.0,0.0,0.0,0.0,0.0,0.0,0.0,0.0,0.0,0.0
Q9UHC7,MKRN1,0.0,0.0,0.0,0.0,0.0,0.0,0.0,0.0,0.0,0.0,0.0,0.0,0.0,3.088989467946328,0.0,0.0,0.0,0.0,0.0,0.0,0.0,0.0,0.0
Q96DA2,RAB39B,0.0,0.0,0.0,0.0,0.0,0.0,0.0,0.0,0.0,0.0,0.0,0.0,0.0,2.9966221459805467,0.0,0.0,0.0,0.0,0.0,0.0,0.0,0.0,0.0
Q8TAQ2,SMARCC2,0.0,0.0,0.0,0.0,0.0,0.0,0.0,0.0,0.0,0.0,0.0,0.0,0.0,2.0357932617790127,0.0,0.0,0.0,0.0,0.0,0.0,0.0,0.0,0.0
Q14392,LRRC32,0.0,0.0,0.0,0.0,0.0,0.0,0.0,0.0,0.0,0.0,0.0,0.0,0.0,4.06911469763868,0.0,0.0,0.0,0.0,0.0,0.0,0.0,0.0,0.0
P48163,ME1,0.0,0.0,0.0,0.0,0.0,0.0,0.0,0.0,0.0,0.0,0.0,0.0,0.0,2.780267533816668,0.0,0.0,0.0,0.0,0.0,0.0,0.0,0.0,0.0
P27487,DPP4,0.0,0.0,0.0,0.0,0.0,0.0,0.0,0.0,0.0,0.0,0.0,0.0,0.0,2.4727846994904112,0.0,0.0,0.0,0.0,0.0,0.0,0.0,0.0,0.0
O60927,PPP1R11,0.0,0.0,0.0,0.0,0.0,0.0,0.0,0.0,0.0,0.0,0.0,0.0,0.0,2.9025085288109698,0.0,0.0,0.0,0.0,0.0,0.0,0.0,0.0,0.0
O75683,SURF6,0.0,0.0,0.0,0.0,0.0,0.0,0.0,0.0,0.0,0.0,0.0,0.0,0.0,2.9790828134579295,0.0,0.0,0.0,0.0,0.0,0.0,0.0,0.0,0.0
P55103,INHBC,0.0,0.0,0.0,0.0,0.0,0.0,2.3660459607562094,0.0,0.0,0.0,0.0,0.0,0.0,0.0,0.0,0.0,0.0,0.0,0.0,0.0,0.0,0.0,0.0
A7E2V4,ZSWIM8,0.0,0.0,0.0,0.0,0.0,0.0,4.50049641029844,0.0,0.0,0.0,0.0,0.0,0.0,0.0,0.0,0.0,0.0,0.0,0.0,0.0,0.0,0.0,0.0
P05089,ARG1,0.0,0.0,0.0,0.0,0.0,0.0,2.1207078466296063,0.0,0.0,0.0,0.0,0.0,0.0,0.0,0.0,0.0,0.0,0.0,0.0,0.0,0.0,0.0,0.0
Q9Y2A7,NCKAP1,0.0,0.0,0.0,0.0,0.0,0.0,0.0,0.0,3.381889605537105,0.0,0.0,0.0,0.0,0.0,0.0,0.0,0.0,0.0,0.0,0.0,0.0,0.0,0.0
Q9P1W8,SIRPG,0.0,0.0,0.0,0.0,0.0,0.0,0.0,0.0,3.609552295905141,0.0,0.0,0.0,0.0,0.0,0.0,0.0,0.0,0.0,0.0,0.0,0.0,0.0,0.0
Q13595,TRA2A,0.0,0.0,0.0,0.0,0.0,0.0,0.0,0.0,2.3830019424603694,0.0,0.0,0.0,0.0,0.0,0.0,0.0,0.0,0.0,0.0,0.0,0.0,0.0,0.0
P25398,RPS12,0.0,0.0,0.0,0.0,0.0,0.0,0.0,0.0,2.0769321573410555,0.0,0.0,0.0,0.0,0.0,0.0,0.0,0.0,0.0,0.0,0.0,0.0,0.0,0.0
I3L0A0,UBE2V1,0.0,0.0,0.0,0.0,0.0,0.0,0.0,0.0,2.1543662881700687,0.0,0.0,0.0,0.0,0.0,0.0,0.0,0.0,0.0,0.0,0.0,0.0,0.0,0.0
O95400,CD2BP2,0.0,0.0,0.0,0.0,0.0,0.0,0.0,0.0,2.31833840731642,0.0,0.0,0.0,0.0,0.0,0.0,0.0,0.0,0.0,0.0,0.0,0.0,0.0,0.0
Q9BXD5,NPL,0.0,0.0,0.0,0.0,0.0,0.0,0.0,0.0,0.0,0.0,0.0,0.0,0.0,0.0,0.0,0.0,0.0,0.0,0.0,2.2755445940664307,3.934848805634953,0.0,0.0
Q92820,GGH,0.0,0.0,0.0,0.0,0.0,0.0,0.0,0.0,0.0,0.0,0.0,0.0,0.0,0.0,0.0,0.0,0.0,0.0,0.0,2.549986336715715,2.7483750460953535,0.0,0.0
Q07108,CD69,0.0,0.0,0.0,0.0,0.0,0.0,0.0,0.0,0.0,0.0,0.0,0.0,0.0,0.0,0.0,0.0,0.0,0.0,0.0,2.0426916060984666,2.435867995393154,0.0,0.0
P52790,HK3,0.0,0.0,0.0,0.0,0.0,0.0,0.0,0.0,0.0,0.0,0.0,0.0,0.0,0.0,0.0,0.0,0.0,0.0,0.0,2.495845788582159,3.770006054583511,0.0,0.0
P50225,SULT1A1,0.0,0.0,0.0,0.0,0.0,0.0,0.0,0.0,0.0,0.0,0.0,0.0,0.0,0.0,0.0,0.0,0.0,0.0,0.0,3.5928958589464144,2.6055315981377873,0.0,0.0
P48595,SERPINB10,0.0,0.0,0.0,0.0,0.0,0.0,0.0,0.0,0.0,0.0,0.0,0.0,0.0,0.0,0.0,0.0,0.0,0.0,0.0,3.8251854545460686,2.2054511393171214,0.0,0.0
P41218,MNDA,0.0,0.0,0.0,0.0,0.0,0.0,0.0,0.0,0.0,0.0,0.0,0.0,0.0,0.0,0.0,0.0,0.0,0.0,0.0,2.1973702186254576,3.790182550088231,0.0,0.0
P23381,WARS,0.0,0.0,0.0,0.0,0.0,0.0,0.0,0.0,0.0,0.0,0.0,0.0,0.0,0.0,0.0,0.0,0.0,0.0,0.0,2.3559289268683585,3.8124215737160925,0.0,0.0
P23141,CES1,0.0,0.0,0.0,0.0,0.0,0.0,0.0,0.0,0.0,0.0,0.0,0.0,0.0,0.0,0.0,0.0,0.0,0.0,0.0,2.881397328941811,2.9538717760452147,0.0,0.0
P10620,MGST1,0.0,0.0,0.0,0.0,0.0,0.0,0.0,0.0,0.0,0.0,0.0,0.0,0.0,0.0,0.0,0.0,0.0,0.0,0.0,3.4604119664951827,2.6303833474361986,0.0,0.0
P08514,ITGA2B,0.0,0.0,0.0,0.0,0.0,0.0,0.0,0.0,0.0,0.0,0.0,0.0,0.0,0.0,0.0,0.0,0.0,0.0,0.0,3.7468978314874932,2.084696632858288,0.0,0.0
P06702,S100A9,0.0,0.0,0.0,0.0,0.0,0.0,0.0,0.0,0.0,0.0,0.0,0.0,0.0,0.0,0.0,0.0,0.0,0.0,0.0,3.8261499229603015,2.3959050162789817,0.0,0.0
P05109,S100A8,0.0,0.0,0.0,0.0,0.0,0.0,0.0,0.0,0.0,0.0,0.0,0.0,0.0,0.0,0.0,0.0,0.0,0.0,0.0,3.8657027898493768,2.207610690030201,0.0,0.0
P00352,ALDH1A1,0.0,0.0,0.0,0.0,0.0,0.0,0.0,0.0,0.0,0.0,0.0,0.0,0.0,0.0,0.0,0.0,0.0,0.0,0.0,3.774175208080785,2.3628989827981415,0.0,0.0
O00602,FCN1,0.0,0.0,0.0,0.0,0.0,0.0,0.0,0.0,0.0,0.0,0.0,0.0,0.0,0.0,0.0,0.0,0.0,0.0,0.0,2.6401499577071927,3.594207880042524,0.0,0.0
Q13201,MMRN1,0.0,0.0,0.0,0.0,0.0,0.0,0.0,0.0,0.0,0.0,0.0,0.0,0.0,0.0,0.0,0.0,0.0,0.0,0.0,3.6898425424990684,2.246219115702964,0.0,0.0
Q8IX19,MCEMP1,0.0,0.0,0.0,0.0,0.0,0.0,0.0,0.0,0.0,0.0,0.0,0.0,0.0,0.0,0.0,0.0,2.1087512612340618,0.0,3.81587962849038,0.0,0.0,0.0,0.0
Q8WWI5,SLC44A1,0.0,0.0,0.0,0.0,0.0,0.0,0.0,0.0,0.0,0.0,0.0,0.0,0.0,0.0,0.0,0.0,0.0,0.0,3.18180955603177,0.0,0.0,2.7321658279924237,0.0
P02458,COL2A1,0.0,0.0,3.3282120731990648,0.0,0.0,0.0,0.0,0.0,0.0,0.0,0.0,0.0,0.0,0.0,0.0,0.0,0.0,0.0,2.221288350031429,0.0,0.0,0.0,0.0
O14734,ACOT8,0.0,0.0,0.0,0.0,0.0,0.0,0.0,0.0,0.0,2.329414080811646,0.0,0.0,0.0,0.0,0.0,0.0,2.974923159429015,0.0,0.0,0.0,0.0,0.0,0.0
Q16610,ECM1,0.0,0.0,0.0,0.0,0.0,0.0,0.0,0.0,0.0,2.220633497754601,2.6189087899948125,0.0,0.0,0.0,0.0,0.0,0.0,0.0,0.0,0.0,0.0,0.0,0.0
O43704,SULT1B1,0.0,0.0,0.0,0.0,0.0,0.0,0.0,0.0,0.0,0.0,2.0574435244845826,2.213257749687795,0.0,0.0,0.0,0.0,0.0,0.0,0.0,0.0,0.0,0.0,0.0
P04234,CD3D,0.0,0.0,0.0,0.0,0.0,0.0,0.0,0.0,0.0,0.0,1.447719857818532,1.4649822221367532,0.0,0.0,0.0,0.0,0.0,0.0,0.0,0.0,0.0,0.0,0.0
P14151,SELL,0.0,0.0,0.0,0.0,0.0,0.0,0.0,0.0,0.0,2.4707570290992336,0.0,0.0,0.0,0.0,0.0,0.0,0.0,0.0,0.0,0.0,0.0,2.7662329882877064,0.0
Q03591,CFHR1,0.0,0.0,0.0,0.0,0.0,3.067377190182834,0.0,0.0,0.0,0.0,2.8377180628515104,0.0,0.0,0.0,0.0,0.0,0.0,0.0,0.0,0.0,0.0,0.0,0.0
P48061,CXCL12,0.0,0.0,0.0,0.0,0.0,2.208723901962234,0.0,0.0,0.0,0.0,3.81824309616059,0.0,0.0,0.0,0.0,0.0,0.0,0.0,0.0,0.0,0.0,0.0,0.0
P19823,ITIH2,0.0,0.0,0.0,0.0,0.0,2.3380464828993066,0.0,0.0,0.0,0.0,2.2884734585945075,0.0,0.0,0.0,0.0,0.0,0.0,0.0,0.0,0.0,0.0,0.0,0.0
P13671,C6,0.0,0.0,0.0,0.0,0.0,2.1174374616126665,0.0,0.0,0.0,0.0,2.8142182535322755,0.0,0.0,0.0,0.0,0.0,0.0,0.0,0.0,0.0,0.0,0.0,0.0
P08603,CFH,0.0,0.0,0.0,0.0,0.0,2.238032956711972,0.0,0.0,0.0,0.0,2.725407304798232,0.0,0.0,0.0,0.0,0.0,0.0,0.0,0.0,0.0,0.0,0.0,0.0
P04196,HRG,0.0,0.0,0.0,0.0,0.0,2.3093496243147578,0.0,0.0,0.0,0.0,2.1399572785332364,0.0,0.0,0.0,0.0,0.0,0.0,0.0,0.0,0.0,0.0,0.0,0.0
P04003,C4BPA,0.0,0.0,0.0,0.0,0.0,2.2081439296191503,0.0,0.0,0.0,0.0,2.1162000278187545,0.0,0.0,0.0,0.0,0.0,0.0,0.0,0.0,0.0,0.0,0.0,0.0
P02765,AHSG,0.0,0.0,0.0,0.0,0.0,2.4888917542970392,0.0,0.0,0.0,0.0,2.6498630094402773,0.0,0.0,0.0,0.0,0.0,0.0,0.0,0.0,0.0,0.0,0.0,0.0
P02649,APOE,0.0,0.0,0.0,0.0,0.0,2.3271106895158655,0.0,0.0,0.0,0.0,2.242135608988387,0.0,0.0,0.0,0.0,0.0,0.0,0.0,0.0,0.0,0.0,0.0,0.0
P01011,SERPINA3,0.0,0.0,0.0,0.0,0.0,2.0781476300754096,0.0,0.0,0.0,0.0,2.8612111555782485,0.0,0.0,0.0,0.0,0.0,0.0,0.0,0.0,0.0,0.0,0.0,0.0
B4E1Z4,CFB,0.0,0.0,0.0,0.0,0.0,2.325778670250357,0.0,0.0,0.0,0.0,2.4900837675931538,0.0,0.0,0.0,0.0,0.0,0.0,0.0,0.0,0.0,0.0,0.0,0.0
P00734,F2,0.0,0.0,0.0,0.0,0.0,2.4768444923467574,0.0,0.0,0.0,0.0,2.1752422024384273,0.0,0.0,0.0,0.0,0.0,0.0,0.0,0.0,0.0,0.0,0.0,0.0
P27169,PON1,0.0,0.0,0.0,0.0,0.0,2.0685563473052047,0.0,2.120534638645785,0.0,0.0,0.0,0.0,0.0,0.0,0.0,0.0,0.0,0.0,0.0,0.0,0.0,0.0,0.0
P41219,PRPH,0.0,0.0,0.0,0.0,0.0,2.1803544916196196,0.0,0.0,2.70903768841559,0.0,0.0,0.0,0.0,0.0,0.0,0.0,0.0,0.0,0.0,0.0,0.0,0.0,0.0
E7ES19,THBS4,0.0,2.804760871799111,3.515753208594507,0.0,0.0,0.0,0.0,0.0,0.0,0.0,0.0,0.0,0.0,0.0,0.0,0.0,0.0,0.0,0.0,0.0,0.0,0.0,0.0
P35580,MYH10,0.0,0.0,0.0,0.0,0.0,0.0,0.0,0.0,0.0,3.2409271379868487,0.0,0.0,0.0,0.0,2.7736883699588275,0.0,0.0,0.0,0.0,0.0,0.0,0.0,0.0
O95936-4,EOMES,0.0,0.0,0.0,0.0,0.0,0.0,0.0,0.0,0.0,0.0,0.0,0.0,0.0,0.0,2.7237082214995483,0.0,0.0,0.0,0.0,0.0,0.0,2.902630869014387,0.0
P49796,RGS3,0.0,0.0,0.0,0.0,0.0,0.0,0.0,0.0,0.0,0.0,0.0,0.0,0.0,0.0,0.0,0.0,0.0,0.0,0.0,0.0,0.0,2.3089932945956564,3.53293635549681
P28907,CD38,0.0,0.0,0.0,0.0,0.0,0.0,0.0,0.0,0.0,0.0,0.0,0.0,0.0,0.0,0.0,0.0,0.0,0.0,0.0,0.0,0.0,2.8258628533970724,3.1617956953547126
Q9UL17,TBX21,0.0,0.0,0.0,0.0,0.0,0.0,0.0,0.0,0.0,0.0,0.0,0.0,0.0,0.0,0.0,0.0,0.0,0.0,0.0,0.0,0.0,2.097742180355268,3.528408714603155
P35908,KRT2,0.0,0.0,0.0,0.0,0.0,0.0,0.0,0.0,0.0,0.0,0.0,0.0,0.0,0.0,2.4005372758310832,2.2780715621285967,0.0,0.0,0.0,0.0,0.0,0.0,0.0
P36222,CHI3L1,0.0,0.0,0.0,0.0,0.0,0.0,0.0,0.0,0.0,0.0,0.0,0.0,0.0,0.0,2.78168896448712,2.7779250117877474,0.0,0.0,0.0,0.0,0.0,0.0,0.0
Q8NI60,ADCK3,0.0,0.0,0.0,0.0,0.0,0.0,0.0,0.0,0.0,0.0,0.0,0.0,2.1758428463328863,0.0,0.0,2.2511448554355904,0.0,0.0,0.0,0.0,0.0,0.0,0.0
Q86YV5,SGK223,0.0,2.098796528865832,0.0,0.0,0.0,0.0,0.0,0.0,0.0,0.0,0.0,0.0,0.0,0.0,0.0,2.0139766573195845,0.0,0.0,0.0,0.0,0.0,0.0,0.0
P21266,GSTM3,0.0,0.0,0.0,0.0,0.0,0.0,0.0,0.0,0.0,0.0,0.0,2.427452630477567,0.0,0.0,0.0,2.2750752774885132,0.0,0.0,0.0,0.0,0.0,0.0,0.0
Q13813,SPTAN1,0.0,0.0,0.0,1.5426448262393901,0.0,0.0,0.0,0.0,0.0,0.0,0.0,0.0,0.0,0.0,0.0,1.569612725026001,0.0,0.0,0.0,0.0,0.0,0.0,0.0
Q32NC0,C18orf21,2.9306151939032916,3.1795622044852845,0.0,0.0,0.0,0.0,0.0,0.0,0.0,0.0,0.0,0.0,0.0,0.0,0.0,0.0,0.0,0.0,0.0,0.0,0.0,0.0,0.0
Q02548,PAX5,3.6399129334405624,2.7855197766883664,0.0,0.0,0.0,0.0,0.0,0.0,0.0,0.0,0.0,0.0,0.0,0.0,0.0,0.0,0.0,0.0,0.0,0.0,0.0,0.0,0.0
P40259,CD79B,4.0022790454305746,2.2141927844454594,0.0,0.0,0.0,0.0,0.0,0.0,0.0,0.0,0.0,0.0,0.0,0.0,0.0,0.0,0.0,0.0,0.0,0.0,0.0,0.0,0.0
P20273,CD22,3.7772816559416675,2.585388031856794,0.0,0.0,0.0,0.0,0.0,0.0,0.0,0.0,0.0,0.0,0.0,0.0,0.0,0.0,0.0,0.0,0.0,0.0,0.0,0.0,0.0
A0A0A0MS09,IGHD,3.5580807225661784,2.8328140034835254,0.0,0.0,0.0,0.0,0.0,0.0,0.0,0.0,0.0,0.0,0.0,0.0,0.0,0.0,0.0,0.0,0.0,0.0,0.0,0.0,0.0
P11049,CD37,3.605840580710275,2.6758667969222962,0.0,0.0,0.0,0.0,0.0,0.0,0.0,0.0,0.0,0.0,0.0,0.0,0.0,0.0,0.0,0.0,0.0,0.0,0.0,0.0,0.0
Q6ZU80,CEP128,0.0,0.0,0.0,3.159256780645724,0.0,0.0,0.0,0.0,0.0,2.7095658928697666,0.0,0.0,0.0,0.0,0.0,0.0,0.0,0.0,0.0,0.0,0.0,0.0,0.0
Q96E93,KLRG1,0.0,0.0,0.0,0.0,0.0,0.0,0.0,0.0,0.0,0.0,0.0,0.0,0.0,3.2608662022025863,2.757199898168495,0.0,0.0,0.0,0.0,0.0,0.0,0.0,0.0
P01732,CD8A,0.0,0.0,0.0,0.0,0.0,0.0,0.0,0.0,0.0,0.0,0.0,0.0,2.980646456254281,0.0,2.267606268117355,0.0,0.0,0.0,0.0,0.0,0.0,0.0,0.0
P13501,CCL5,0.0,0.0,0.0,0.0,0.0,0.0,0.0,0.0,0.0,0.0,0.0,0.0,2.0736040208581175,0.0,3.275482431775553,0.0,0.0,0.0,0.0,0.0,0.0,0.0,0.0
O95817,BAG3,0.0,0.0,0.0,2.013259013876071,0.0,0.0,0.0,0.0,2.5067127523484363,0.0,0.0,0.0,0.0,0.0,0.0,0.0,0.0,0.0,0.0,0.0,0.0,0.0,0.0
P32856,STX2,0.0,0.0,0.0,0.0,2.3129265697982118,0.0,0.0,3.111090903053953,0.0,0.0,0.0,0.0,0.0,0.0,0.0,0.0,0.0,0.0,0.0,0.0,0.0,0.0,0.0
O14841,OPLAH,0.0,0.0,0.0,3.1750322017516948,2.9332538286610155,0.0,0.0,0.0,0.0,0.0,0.0,0.0,0.0,0.0,0.0,0.0,0.0,0.0,0.0,0.0,0.0,0.0,0.0
Q96IU2,ZBED3,0.0,0.0,0.0,2.059264127559589,0.0,0.0,0.0,2.9913771251289285,0.0,0.0,0.0,0.0,0.0,0.0,0.0,0.0,0.0,0.0,0.0,0.0,0.0,0.0,0.0
Q15628,TRADD,0.0,0.0,0.0,2.2294688532424467,0.0,0.0,0.0,2.250195308283371,0.0,0.0,0.0,0.0,0.0,0.0,0.0,0.0,0.0,0.0,0.0,0.0,0.0,0.0,0.0
P26022,PTX3,0.0,0.0,0.0,2.811546483962258,0.0,0.0,0.0,2.8191195198879524,0.0,0.0,0.0,0.0,0.0,0.0,0.0,0.0,0.0,0.0,0.0,0.0,0.0,0.0,0.0
Q15057,ACAP2,0.0,0.0,0.0,3.078798468461769,0.0,0.0,0.0,2.2085030887243864,0.0,0.0,0.0,0.0,0.0,0.0,0.0,0.0,0.0,0.0,0.0,0.0,0.0,0.0,0.0
Q96RQ9,IL4I1,0.0,0.0,0.0,0.0,0.0,0.0,0.0,2.4765802438747926,0.0,0.0,0.0,0.0,0.0,2.565113124905735,0.0,0.0,0.0,0.0,0.0,0.0,0.0,0.0,0.0
P05186,ALPL,2.901328266985319,0.0,0.0,0.0,0.0,0.0,0.0,0.0,0.0,0.0,0.0,0.0,3.034087099662992,0.0,0.0,0.0,0.0,0.0,0.0,0.0,0.0,0.0,0.0
Q8WXI8,CLEC4D,2.5862655821835503,0.0,0.0,0.0,0.0,0.0,0.0,0.0,0.0,0.0,0.0,0.0,2.56313803669768,0.0,0.0,0.0,0.0,0.0,0.0,0.0,0.0,0.0,0.0
O75791,GRAP2,0.0,0.0,0.0,0.0,0.0,0.0,0.0,0.0,1.356669350493104,0.0,0.0,0.0,1.3522121927233846,0.0,0.0,0.0,0.0,0.0,0.0,0.0,0.0,0.0,0.0
Q13825,AUH,0.0,0.0,0.0,0.0,0.0,0.0,0.0,0.0,0.0,0.0,0.0,0.0,1.9842630835565391,1.4605057580174066,0.0,0.0,0.0,0.0,0.0,0.0,0.0,0.0,0.0
P54098,POLG,0.0,0.0,0.0,0.0,0.0,0.0,0.0,0.0,0.0,0.0,0.0,2.678231797627757,0.0,0.0,0.0,0.0,0.0,0.0,0.0,0.0,0.0,0.0,3.2175282758786623
Q9Y6X5,ENPP4,0.0,0.0,0.0,0.0,0.0,0.0,0.0,0.0,0.0,0.0,0.0,0.0,0.0,0.0,2.064757696381194,0.0,0.0,0.0,0.0,0.0,0.0,0.0,3.928975820904569
P54802,NAGLU,0.0,0.0,0.0,0.0,0.0,0.0,0.0,0.0,0.0,0.0,0.0,0.0,0.0,0.0,3.58166945650016,0.0,0.0,0.0,0.0,0.0,0.0,0.0,2.3647324052308147
P51124,GZMM,0.0,0.0,0.0,0.0,0.0,0.0,0.0,0.0,0.0,0.0,0.0,0.0,0.0,0.0,3.234297029928199,0.0,0.0,0.0,0.0,0.0,0.0,0.0,2.4185457382213227
P14222,PRF1,0.0,0.0,0.0,0.0,0.0,0.0,0.0,0.0,0.0,0.0,0.0,0.0,0.0,0.0,2.2011126945886637,0.0,0.0,0.0,0.0,0.0,0.0,0.0,3.864944655985589
O14745,SLC9A3R1,0.0,0.0,0.0,0.0,0.0,0.0,0.0,0.0,0.0,0.0,0.0,0.0,0.0,0.0,2.569835456930691,0.0,0.0,0.0,0.0,0.0,0.0,0.0,2.165538717577065
P12544,GZMA,0.0,0.0,0.0,0.0,0.0,0.0,0.0,0.0,0.0,0.0,0.0,0.0,0.0,0.0,2.581787593824564,0.0,0.0,0.0,0.0,0.0,0.0,0.0,2.2905789475834863
P08575,PTPRC,0.0,0.0,0.0,0.0,0.0,0.0,0.0,0.0,0.0,1.5385219186733667,0.0,0.0,0.0,0.0,0.0,0.0,0.0,0.0,0.0,0.0,1.4371101992668782,0.0,0.0
Q92542,NCSTN,0.0,0.0,0.0,0.0,0.0,0.0,0.0,0.0,0.0,0.0,0.0,0.0,0.0,0.0,0.0,0.0,0.0,0.0,2.112634032765725,0.0,2.6210751062882416,0.0,0.0
Q9UM07,PADI4,0.0,0.0,0.0,0.0,0.0,0.0,0.0,0.0,0.0,0.0,0.0,0.0,0.0,0.0,0.0,0.0,0.0,0.0,3.4891840072266103,2.864919738022475,0.0,0.0,0.0
P61626,LYZ,0.0,0.0,0.0,0.0,0.0,0.0,0.0,0.0,0.0,0.0,0.0,0.0,0.0,0.0,0.0,0.0,0.0,0.0,2.0611338271486175,3.8848384688865365,0.0,0.0,0.0
P17900,GM2A,0.0,0.0,0.0,0.0,0.0,0.0,0.0,0.0,0.0,0.0,0.0,0.0,0.0,0.0,0.0,0.0,0.0,0.0,3.1423175688888154,2.1476471767804077,0.0,0.0,0.0
P12314,FCGR1A;FCGR1B;FCGR1C,0.0,0.0,0.0,0.0,0.0,0.0,0.0,0.0,0.0,0.0,0.0,0.0,0.0,0.0,0.0,0.0,0.0,0.0,3.4582699471032345,2.9821184251592623,0.0,0.0,0.0
P08571,CD14,0.0,0.0,0.0,0.0,0.0,0.0,0.0,0.0,0.0,0.0,0.0,0.0,0.0,0.0,0.0,0.0,0.0,0.0,2.5815938124549414,3.2454984879963313,0.0,0.0,0.0
P08311,CTSG,0.0,0.0,0.0,0.0,0.0,0.0,0.0,0.0,0.0,0.0,0.0,0.0,0.0,0.0,0.0,0.0,0.0,0.0,3.374805657479741,2.867245953515134,0.0,0.0,0.0
P08246,ELANE,0.0,0.0,0.0,0.0,0.0,0.0,0.0,0.0,0.0,0.0,0.0,0.0,0.0,0.0,0.0,0.0,0.0,0.0,2.401618259933837,3.767634559684837,0.0,0.0,0.0
O95498,VNN2,0.0,0.0,0.0,0.0,0.0,0.0,0.0,0.0,0.0,0.0,0.0,0.0,0.0,0.0,0.0,0.0,0.0,0.0,3.771137584202056,2.3393210272340625,0.0,0.0,0.0
Q9NPY3,CD93,0.0,0.0,0.0,0.0,0.0,0.0,0.0,0.0,0.0,0.0,0.0,0.0,0.0,0.0,0.0,0.0,0.0,0.0,3.0855856507694583,2.8412862872501674,0.0,0.0,0.0
P05162,LGALS2,0.0,0.0,0.0,0.0,0.0,0.0,0.0,0.0,0.0,0.0,0.0,0.0,0.0,0.0,0.0,0.0,3.9007800402498054,0.0,0.0,2.387471673853566,0.0,0.0,0.0
Q96PM9,ZNF385A;SOX6,0.0,0.0,0.0,0.0,0.0,0.0,0.0,0.0,0.0,0.0,0.0,0.0,0.0,0.0,0.0,0.0,3.2868193584986867,0.0,0.0,2.8129903863831536,0.0,0.0,0.0
A0A087WVM2,CD177,0.0,0.0,0.0,0.0,0.0,0.0,0.0,3.10213147508864,0.0,0.0,0.0,0.0,0.0,0.0,0.0,0.0,0.0,0.0,0.0,3.2146764929524836,0.0,0.0,0.0
P26447,S100A4,0.0,0.0,0.0,0.0,2.256511548891854,0.0,0.0,0.0,0.0,0.0,0.0,0.0,0.0,0.0,0.0,0.0,0.0,0.0,0.0,2.2767202569809766,0.0,0.0,0.0
P04275,VWF,0.0,0.0,0.0,0.0,0.0,0.0,0.0,0.0,0.0,0.0,2.041356041358158,0.0,0.0,0.0,0.0,0.0,0.0,0.0,0.0,2.6111769790414185,0.0,0.0,0.0
P08519,LPA,0.0,0.0,0.0,0.0,0.0,2.391722160676797,0.0,0.0,0.0,0.0,0.0,0.0,0.0,0.0,0.0,0.0,0.0,0.0,0.0,2.2199966923924888,0.0,0.0,0.0
O60488,ACSL4,0.0,0.0,0.0,0.0,0.0,0.0,0.0,0.0,0.0,0.0,0.0,0.0,0.0,0.0,0.0,0.0,0.0,2.1612997714998956,0.0,0.0,3.291361555471554,0.0,0.0
O75348,ATP6V1G1,0.0,0.0,0.0,0.0,0.0,0.0,0.0,0.0,0.0,0.0,0.0,0.0,0.0,0.0,0.0,0.0,0.0,2.437471218838765,0.0,0.0,3.1732681027268583,0.0,0.0
P48506,GCLC,0.0,0.0,0.0,0.0,0.0,0.0,0.0,0.0,0.0,0.0,0.0,0.0,0.0,0.0,0.0,0.0,2.952557719447134,2.4454688029478673,0.0,0.0,0.0,0.0,0.0
Q8NFH8,REPS2,0.0,0.0,0.0,0.0,0.0,0.0,0.0,0.0,0.0,0.0,0.0,0.0,0.0,0.0,0.0,0.0,2.985172950038849,2.7981532233227817,0.0,0.0,0.0,0.0,0.0
Q92604,LPGAT1,0.0,0.0,0.0,0.0,0.0,0.0,0.0,0.0,0.0,0.0,0.0,0.0,0.0,0.0,0.0,0.0,0.0,2.2558138216861727,0.0,0.0,0.0,3.04405726814925,0.0
Q969X5,ERGIC1,0.0,0.0,0.0,0.0,0.0,0.0,0.0,0.0,0.0,0.0,0.0,0.0,0.0,0.0,0.0,0.0,0.0,2.301291202922371,0.0,0.0,0.0,3.0910088866897665,0.0
P11717,IGF2R,0.0,0.0,0.0,0.0,0.0,0.0,0.0,0.0,0.0,0.0,0.0,0.0,0.0,0.0,0.0,0.0,0.0,2.499136905875978,0.0,0.0,0.0,0.0,3.444338863192643
P53609,PGGT1B,0.0,0.0,3.1222450776690116,0.0,0.0,0.0,0.0,0.0,0.0,0.0,0.0,0.0,0.0,0.0,0.0,0.0,0.0,2.724721486146613,0.0,0.0,0.0,0.0,0.0
P69905,HBA1,0.0,0.0,2.491213349415347,0.0,0.0,0.0,0.0,0.0,0.0,0.0,0.0,0.0,0.0,0.0,0.0,0.0,0.0,2.2170188436346305,0.0,0.0,0.0,0.0,0.0
Q9HAP2,MLXIP,0.0,0.0,0.0,0.0,0.0,0.0,0.0,0.0,0.0,0.0,0.0,0.0,0.0,0.0,0.0,2.560507730456554,0.0,3.2006988757760517,0.0,0.0,0.0,0.0,0.0
P50502,ST13,0.0,0.0,0.0,0.0,0.0,0.0,0.0,0.0,0.0,0.0,0.0,0.0,0.0,0.0,0.0,1.4155091284685182,0.0,1.9435768134655826,0.0,0.0,0.0,0.0,0.0
Q9H7E2-3,TDRD3,0.0,0.0,0.0,0.0,0.0,0.0,0.0,0.0,0.0,2.2480394806418453,0.0,0.0,0.0,0.0,0.0,0.0,0.0,2.030839872586227,0.0,0.0,0.0,0.0,0.0
P56279,TCL1A,3.1973052808280866,0.0,0.0,0.0,0.0,0.0,0.0,0.0,0.0,0.0,0.0,0.0,0.0,0.0,0.0,0.0,0.0,2.5111908586250937,0.0,0.0,0.0,0.0,0.0
P82970,HMGN5,0.0,2.5456986251971174,0.0,0.0,0.0,0.0,0.0,0.0,0.0,0.0,0.0,0.0,0.0,0.0,0.0,0.0,0.0,2.3901802005861637,0.0,0.0,0.0,0.0,0.0
Q6NXT6,TAPT1,0.0,3.3244663428243397,0.0,0.0,0.0,0.0,0.0,0.0,0.0,0.0,0.0,0.0,0.0,0.0,0.0,0.0,0.0,2.028922681805205,0.0,0.0,0.0,0.0,0.0
O60684,KPNA6,0.0,0.0,0.0,0.0,2.066827177924877,0.0,0.0,0.0,0.0,0.0,0.0,0.0,0.0,0.0,0.0,0.0,0.0,2.4639078918693302,0.0,0.0,0.0,0.0,0.0
Q2LD37,KIAA1109,0.0,0.0,0.0,0.0,0.0,0.0,0.0,0.0,0.0,0.0,0.0,0.0,3.139798266189271,0.0,0.0,0.0,0.0,2.158950581403171,0.0,0.0,0.0,0.0,0.0
